"USUBJID","TRT01A","TRT01PN","BASELINE_SLD","CYCLE","CYCLE_NUM","SLD","PCT_CHANGE"
"SUBJ-0001","Experimental",1,98.2,"C1D1",0,98.2,0
"SUBJ-0001","Experimental",1,98.2,"C2D1",2,0,-120.2
"SUBJ-0001","Experimental",1,98.2,"C3D1",3,0,-189.1
"SUBJ-0001","Experimental",1,98.2,"C4D1",4,0,-248.2
"SUBJ-0001","Experimental",1,98.2,"C5D1",5,0,-240.8
"SUBJ-0001","Experimental",1,98.2,"C6D1",6,0,-233.4
"SUBJ-0002","Experimental",1,86.9,"C1D1",0,86.9,0
"SUBJ-0002","Experimental",1,86.9,"C2D1",2,10.3,-88.2
"SUBJ-0002","Experimental",1,86.9,"C3D1",3,0,-128.3
"SUBJ-0003","Experimental",1,68.9,"C1D1",0,68.9,0
"SUBJ-0003","Experimental",1,68.9,"C2D1",2,13.6,-80.2
"SUBJ-0003","Experimental",1,68.9,"C3D1",3,0,-117
"SUBJ-0003","Experimental",1,68.9,"C4D1",4,0,-159.6
"SUBJ-0003","Experimental",1,68.9,"C5D1",5,0,-154.8
"SUBJ-0004","Experimental",1,75,"C1D1",0,75,0
"SUBJ-0004","Experimental",1,75,"C2D1",2,40.6,-45.9
"SUBJ-0004","Experimental",1,75,"C3D1",3,39.3,-47.6
"SUBJ-0004","Experimental",1,75,"C4D1",4,38.6,-48.5
"SUBJ-0004","Experimental",1,75,"C5D1",5,40.6,-45.9
"SUBJ-0004","Experimental",1,75,"C6D1",6,39.8,-46.9
"SUBJ-0005","Experimental",1,48.7,"C1D1",0,48.7,0
"SUBJ-0005","Experimental",1,48.7,"C2D1",2,25.5,-47.7
"SUBJ-0005","Experimental",1,48.7,"C3D1",3,26.4,-45.9
"SUBJ-0005","Experimental",1,48.7,"C4D1",4,30.2,-37.9
"SUBJ-0005","Experimental",1,48.7,"C5D1",5,30.7,-36.9
"SUBJ-0005","Experimental",1,48.7,"C6D1",6,31.1,-36.2
"SUBJ-0006","Experimental",1,103.3,"C1D1",0,103.3,0
"SUBJ-0006","Experimental",1,103.3,"C2D1",2,62.1,-39.9
"SUBJ-0006","Experimental",1,103.3,"C3D1",3,72.7,-29.6
"SUBJ-0006","Experimental",1,103.3,"C4D1",4,78.8,-23.8
"SUBJ-0006","Experimental",1,103.3,"C5D1",5,88.2,-14.6
"SUBJ-0006","Experimental",1,103.3,"C6D1",6,104.2,0.9
"SUBJ-0007","Experimental",1,84.5,"C1D1",0,84.5,0
"SUBJ-0007","Experimental",1,84.5,"C2D1",2,35.4,-58.1
"SUBJ-0007","Experimental",1,84.5,"C3D1",3,5.3,-93.7
"SUBJ-0007","Experimental",1,84.5,"C4D1",4,14.3,-83.1
"SUBJ-0007","Experimental",1,84.5,"C5D1",5,13.8,-83.6
"SUBJ-0007","Experimental",1,84.5,"C6D1",6,16.5,-80.5
"SUBJ-0008","Experimental",1,67.6,"C1D1",0,67.6,0
"SUBJ-0008","Experimental",1,67.6,"C2D1",2,42.6,-37
"SUBJ-0008","Experimental",1,67.6,"C3D1",3,30.9,-54.3
"SUBJ-0008","Experimental",1,67.6,"C4D1",4,30.9,-54.3
"SUBJ-0008","Experimental",1,67.6,"C5D1",5,39.4,-41.7
"SUBJ-0008","Experimental",1,67.6,"C6D1",6,43.3,-36
"SUBJ-0009","Experimental",1,35.4,"C1D1",0,35.4,0
"SUBJ-0009","Experimental",1,35.4,"C2D1",2,19.1,-46
"SUBJ-0009","Experimental",1,35.4,"C3D1",3,9.2,-74.1
"SUBJ-0010","Experimental",1,75.4,"C1D1",0,75.4,0
"SUBJ-0010","Experimental",1,75.4,"C2D1",2,0,-107.3
"SUBJ-0010","Experimental",1,75.4,"C3D1",3,0,-163.2
"SUBJ-0010","Experimental",1,75.4,"C4D1",4,0,-223.1
"SUBJ-0010","Experimental",1,75.4,"C5D1",5,0,-213.5
"SUBJ-0010","Experimental",1,75.4,"C6D1",6,0,-203.8
"SUBJ-0011","Experimental",1,108.4,"C1D1",0,108.4,0
"SUBJ-0012","Experimental",1,110.9,"C1D1",0,110.9,0
"SUBJ-0012","Experimental",1,110.9,"C2D1",2,113.3,2.2
"SUBJ-0012","Experimental",1,110.9,"C3D1",3,112.4,1.3
"SUBJ-0012","Experimental",1,110.9,"C4D1",4,124.7,12.4
"SUBJ-0012","Experimental",1,110.9,"C5D1",5,140.3,26.5
"SUBJ-0012","Experimental",1,110.9,"C6D1",6,150.6,35.8
"SUBJ-0013","Experimental",1,90.8,"C1D1",0,90.8,0
"SUBJ-0013","Experimental",1,90.8,"C2D1",2,83.2,-8.4
"SUBJ-0013","Experimental",1,90.8,"C3D1",3,90.3,-0.5
"SUBJ-0013","Experimental",1,90.8,"C4D1",4,86.5,-4.7
"SUBJ-0013","Experimental",1,90.8,"C5D1",5,99.5,9.6
"SUBJ-0013","Experimental",1,90.8,"C6D1",6,96,5.7
"SUBJ-0014","Experimental",1,63.1,"C1D1",0,63.1,0
"SUBJ-0014","Experimental",1,63.1,"C2D1",2,37.2,-41.1
"SUBJ-0014","Experimental",1,63.1,"C3D1",3,36.3,-42.5
"SUBJ-0014","Experimental",1,63.1,"C4D1",4,40.9,-35.1
"SUBJ-0014","Experimental",1,63.1,"C5D1",5,42.1,-33.3
"SUBJ-0014","Experimental",1,63.1,"C6D1",6,49.5,-21.6
"SUBJ-0015","Experimental",1,102.7,"C1D1",0,102.7,0
"SUBJ-0015","Experimental",1,102.7,"C2D1",2,19.6,-80.9
"SUBJ-0016","Experimental",1,73.2,"C1D1",0,73.2,0
"SUBJ-0016","Experimental",1,73.2,"C2D1",2,63.9,-12.7
"SUBJ-0016","Experimental",1,73.2,"C3D1",3,52.7,-28.1
"SUBJ-0016","Experimental",1,73.2,"C4D1",4,49.1,-32.9
"SUBJ-0016","Experimental",1,73.2,"C5D1",5,49.8,-32
"SUBJ-0016","Experimental",1,73.2,"C6D1",6,53.5,-26.9
"SUBJ-0017","Experimental",1,57.6,"C1D1",0,57.6,0
"SUBJ-0017","Experimental",1,57.6,"C2D1",2,42.3,-26.6
"SUBJ-0018","Experimental",1,110.8,"C1D1",0,110.8,0
"SUBJ-0018","Experimental",1,110.8,"C2D1",2,73,-34.1
"SUBJ-0018","Experimental",1,110.8,"C3D1",3,50.6,-54.3
"SUBJ-0018","Experimental",1,110.8,"C4D1",4,58.5,-47.2
"SUBJ-0018","Experimental",1,110.8,"C5D1",5,74.4,-32.9
"SUBJ-0018","Experimental",1,110.8,"C6D1",6,84.7,-23.6
"SUBJ-0019","Experimental",1,44.2,"C1D1",0,44.2,0
"SUBJ-0019","Experimental",1,44.2,"C2D1",2,44.5,0.6
"SUBJ-0019","Experimental",1,44.2,"C3D1",3,45.6,3.1
"SUBJ-0020","Experimental",1,31.8,"C1D1",0,31.8,0
"SUBJ-0020","Experimental",1,31.8,"C2D1",2,22.7,-28.7
"SUBJ-0020","Experimental",1,31.8,"C3D1",3,16.8,-47.3
"SUBJ-0020","Experimental",1,31.8,"C4D1",4,18.1,-43.1
"SUBJ-0020","Experimental",1,31.8,"C5D1",5,19.9,-37.4
"SUBJ-0020","Experimental",1,31.8,"C6D1",6,22,-30.8
"SUBJ-0021","Experimental",1,57.1,"C1D1",0,57.1,0
"SUBJ-0021","Experimental",1,57.1,"C2D1",2,25.7,-54.9
"SUBJ-0021","Experimental",1,57.1,"C3D1",3,13.9,-75.7
"SUBJ-0021","Experimental",1,57.1,"C4D1",4,11.9,-79.2
"SUBJ-0021","Experimental",1,57.1,"C5D1",5,18.4,-67.8
"SUBJ-0021","Experimental",1,57.1,"C6D1",6,18.7,-67.3
"SUBJ-0022","Experimental",1,86.3,"C1D1",0,86.3,0
"SUBJ-0022","Experimental",1,86.3,"C2D1",2,64.3,-25.5
"SUBJ-0022","Experimental",1,86.3,"C3D1",3,57.7,-33.1
"SUBJ-0022","Experimental",1,86.3,"C4D1",4,57.1,-33.9
"SUBJ-0022","Experimental",1,86.3,"C5D1",5,58.1,-32.7
"SUBJ-0022","Experimental",1,86.3,"C6D1",6,64.8,-24.9
"SUBJ-0023","Experimental",1,51.1,"C1D1",0,51.1,0
"SUBJ-0023","Experimental",1,51.1,"C2D1",2,18.8,-63.3
"SUBJ-0023","Experimental",1,51.1,"C3D1",3,22.4,-56.1
"SUBJ-0023","Experimental",1,51.1,"C4D1",4,23.7,-53.6
"SUBJ-0023","Experimental",1,51.1,"C5D1",5,25.5,-50.2
"SUBJ-0023","Experimental",1,51.1,"C6D1",6,26.9,-47.3
"SUBJ-0024","Experimental",1,118,"C1D1",0,118,0
"SUBJ-0024","Experimental",1,118,"C2D1",2,103.8,-12
"SUBJ-0024","Experimental",1,118,"C3D1",3,111.2,-5.7
"SUBJ-0024","Experimental",1,118,"C4D1",4,120,1.7
"SUBJ-0024","Experimental",1,118,"C5D1",5,128.5,8.9
"SUBJ-0024","Experimental",1,118,"C6D1",6,140,18.7
"SUBJ-0025","Experimental",1,98.4,"C1D1",0,98.4,0
"SUBJ-0025","Experimental",1,98.4,"C2D1",2,86.2,-12.4
"SUBJ-0026","Experimental",1,82.6,"C1D1",0,82.6,0
"SUBJ-0026","Experimental",1,82.6,"C2D1",2,31.7,-61.7
"SUBJ-0026","Experimental",1,82.6,"C3D1",3,45.7,-44.7
"SUBJ-0027","Experimental",1,43.8,"C1D1",0,43.8,0
"SUBJ-0027","Experimental",1,43.8,"C2D1",2,25.4,-42.1
"SUBJ-0027","Experimental",1,43.8,"C3D1",3,18.6,-57.6
"SUBJ-0027","Experimental",1,43.8,"C4D1",4,11.8,-73
"SUBJ-0027","Experimental",1,43.8,"C5D1",5,16.8,-61.7
"SUBJ-0027","Experimental",1,43.8,"C6D1",6,16.4,-62.6
"SUBJ-0028","Experimental",1,57.5,"C1D1",0,57.5,0
"SUBJ-0028","Experimental",1,57.5,"C2D1",2,20.5,-64.4
"SUBJ-0028","Experimental",1,57.5,"C3D1",3,3.9,-93.2
"SUBJ-0028","Experimental",1,57.5,"C4D1",4,0,-130.6
"SUBJ-0029","Experimental",1,21.6,"C1D1",0,21.6,0
"SUBJ-0029","Experimental",1,21.6,"C2D1",2,7,-67.8
"SUBJ-0029","Experimental",1,21.6,"C3D1",3,0,-100.1
"SUBJ-0029","Experimental",1,21.6,"C4D1",4,0,-106.1
"SUBJ-0029","Experimental",1,21.6,"C5D1",5,0,-101.4
"SUBJ-0029","Experimental",1,21.6,"C6D1",6,1,-95.4
"SUBJ-0030","Experimental",1,77,"C1D1",0,77,0
"SUBJ-0030","Experimental",1,77,"C2D1",2,49.2,-36.1
"SUBJ-0030","Experimental",1,77,"C3D1",3,52.7,-31.5
"SUBJ-0031","Experimental",1,75.9,"C1D1",0,75.9,0
"SUBJ-0031","Experimental",1,75.9,"C2D1",2,37.6,-50.4
"SUBJ-0031","Experimental",1,75.9,"C3D1",3,39.7,-47.7
"SUBJ-0031","Experimental",1,75.9,"C4D1",4,52,-31.5
"SUBJ-0031","Experimental",1,75.9,"C5D1",5,55.2,-27.3
"SUBJ-0031","Experimental",1,75.9,"C6D1",6,62.2,-18.1
"SUBJ-0032","Experimental",1,107.9,"C1D1",0,107.9,0
"SUBJ-0032","Experimental",1,107.9,"C2D1",2,71.2,-34
"SUBJ-0032","Experimental",1,107.9,"C3D1",3,46.8,-56.6
"SUBJ-0032","Experimental",1,107.9,"C4D1",4,48.7,-54.9
"SUBJ-0032","Experimental",1,107.9,"C5D1",5,46.5,-56.9
"SUBJ-0032","Experimental",1,107.9,"C6D1",6,49,-54.6
"SUBJ-0033","Experimental",1,79.9,"C1D1",0,79.9,0
"SUBJ-0033","Experimental",1,79.9,"C2D1",2,21.4,-73.2
"SUBJ-0033","Experimental",1,79.9,"C3D1",3,0,-104.1
"SUBJ-0033","Experimental",1,79.9,"C4D1",4,0,-100
"SUBJ-0033","Experimental",1,79.9,"C5D1",5,1.8,-97.7
"SUBJ-0033","Experimental",1,79.9,"C6D1",6,12.4,-84.5
"SUBJ-0034","Experimental",1,60.2,"C1D1",0,60.2,0
"SUBJ-0034","Experimental",1,60.2,"C2D1",2,29.2,-51.5
"SUBJ-0035","Experimental",1,111.5,"C1D1",0,111.5,0
"SUBJ-0035","Experimental",1,111.5,"C2D1",2,2.1,-98.1
"SUBJ-0035","Experimental",1,111.5,"C3D1",3,0,-137
"SUBJ-0035","Experimental",1,111.5,"C4D1",4,0,-184.9
"SUBJ-0035","Experimental",1,111.5,"C5D1",5,0,-175.1
"SUBJ-0035","Experimental",1,111.5,"C6D1",6,0,-165.7
"SUBJ-0036","Experimental",1,22.4,"C1D1",0,22.4,0
"SUBJ-0037","Experimental",1,100.8,"C1D1",0,100.8,0
"SUBJ-0037","Experimental",1,100.8,"C2D1",2,79.7,-21
"SUBJ-0037","Experimental",1,100.8,"C3D1",3,80.9,-19.8
"SUBJ-0037","Experimental",1,100.8,"C4D1",4,81.3,-19.3
"SUBJ-0037","Experimental",1,100.8,"C5D1",5,88.1,-12.6
"SUBJ-0037","Experimental",1,100.8,"C6D1",6,86.5,-14.2
"SUBJ-0038","Experimental",1,85.3,"C1D1",0,85.3,0
"SUBJ-0038","Experimental",1,85.3,"C2D1",2,9.9,-88.4
"SUBJ-0038","Experimental",1,85.3,"C3D1",3,19.5,-77.2
"SUBJ-0038","Experimental",1,85.3,"C4D1",4,27.8,-67.5
"SUBJ-0038","Experimental",1,85.3,"C5D1",5,35.3,-58.7
"SUBJ-0038","Experimental",1,85.3,"C6D1",6,42.3,-50.4
"SUBJ-0039","Experimental",1,80.7,"C1D1",0,80.7,0
"SUBJ-0039","Experimental",1,80.7,"C2D1",2,49.6,-38.6
"SUBJ-0039","Experimental",1,80.7,"C3D1",3,31.2,-61.3
"SUBJ-0039","Experimental",1,80.7,"C4D1",4,14.5,-82.1
"SUBJ-0039","Experimental",1,80.7,"C5D1",5,15.7,-80.5
"SUBJ-0039","Experimental",1,80.7,"C6D1",6,18.1,-77.6
"SUBJ-0040","Experimental",1,96.6,"C1D1",0,96.6,0
"SUBJ-0040","Experimental",1,96.6,"C2D1",2,70.6,-26.9
"SUBJ-0040","Experimental",1,96.6,"C3D1",3,71.3,-26.1
"SUBJ-0040","Experimental",1,96.6,"C4D1",4,75.8,-21.5
"SUBJ-0041","Experimental",1,94.7,"C1D1",0,94.7,0
"SUBJ-0041","Experimental",1,94.7,"C2D1",2,31.2,-67.1
"SUBJ-0041","Experimental",1,94.7,"C3D1",3,0,-101.5
"SUBJ-0041","Experimental",1,94.7,"C4D1",4,0,-102.8
"SUBJ-0041","Experimental",1,94.7,"C5D1",5,15,-84.1
"SUBJ-0041","Experimental",1,94.7,"C6D1",6,12.3,-87
"SUBJ-0042","Experimental",1,117.9,"C1D1",0,117.9,0
"SUBJ-0042","Experimental",1,117.9,"C2D1",2,0,-105.6
"SUBJ-0042","Experimental",1,117.9,"C3D1",3,0,-154.2
"SUBJ-0042","Experimental",1,117.9,"C4D1",4,0,-203.5
"SUBJ-0042","Experimental",1,117.9,"C5D1",5,0,-201.8
"SUBJ-0042","Experimental",1,117.9,"C6D1",6,0,-200.5
"SUBJ-0043","Experimental",1,69,"C1D1",0,69,0
"SUBJ-0043","Experimental",1,69,"C2D1",2,19.1,-72.4
"SUBJ-0043","Experimental",1,69,"C3D1",3,25.7,-62.8
"SUBJ-0043","Experimental",1,69,"C4D1",4,29,-58
"SUBJ-0043","Experimental",1,69,"C5D1",5,33.1,-52
"SUBJ-0043","Experimental",1,69,"C6D1",6,35.8,-48.1
"SUBJ-0044","Experimental",1,31.2,"C1D1",0,31.2,0
"SUBJ-0044","Experimental",1,31.2,"C2D1",2,0,-117.1
"SUBJ-0044","Experimental",1,31.2,"C3D1",3,0,-179.8
"SUBJ-0044","Experimental",1,31.2,"C4D1",4,0,-172
"SUBJ-0044","Experimental",1,31.2,"C5D1",5,0,-170.5
"SUBJ-0044","Experimental",1,31.2,"C6D1",6,0,-174.8
"SUBJ-0045","Experimental",1,105.9,"C1D1",0,105.9,0
"SUBJ-0045","Experimental",1,105.9,"C2D1",2,97.6,-7.8
"SUBJ-0045","Experimental",1,105.9,"C3D1",3,100.4,-5.2
"SUBJ-0045","Experimental",1,105.9,"C4D1",4,116,9.5
"SUBJ-0046","Experimental",1,109.4,"C1D1",0,109.4,0
"SUBJ-0046","Experimental",1,109.4,"C2D1",2,27.1,-75.2
"SUBJ-0046","Experimental",1,109.4,"C3D1",3,0,-110.1
"SUBJ-0046","Experimental",1,109.4,"C4D1",4,0,-108.6
"SUBJ-0046","Experimental",1,109.4,"C5D1",5,0,-105.7
"SUBJ-0046","Experimental",1,109.4,"C6D1",6,11.8,-89.2
"SUBJ-0047","Experimental",1,84.5,"C1D1",0,84.5,0
"SUBJ-0047","Experimental",1,84.5,"C2D1",2,55.8,-34
"SUBJ-0047","Experimental",1,84.5,"C3D1",3,59.5,-29.6
"SUBJ-0047","Experimental",1,84.5,"C4D1",4,66.1,-21.7
"SUBJ-0047","Experimental",1,84.5,"C5D1",5,64.8,-23.3
"SUBJ-0047","Experimental",1,84.5,"C6D1",6,69.4,-17.9
"SUBJ-0048","Experimental",1,57.8,"C1D1",0,57.8,0
"SUBJ-0048","Experimental",1,57.8,"C2D1",2,36.3,-37.2
"SUBJ-0048","Experimental",1,57.8,"C3D1",3,28,-51.5
"SUBJ-0048","Experimental",1,57.8,"C4D1",4,27,-53.3
"SUBJ-0048","Experimental",1,57.8,"C5D1",5,30.5,-47.3
"SUBJ-0048","Experimental",1,57.8,"C6D1",6,30.3,-47.6
"SUBJ-0049","Experimental",1,21.9,"C1D1",0,21.9,0
"SUBJ-0049","Experimental",1,21.9,"C2D1",2,16.9,-22.9
"SUBJ-0049","Experimental",1,21.9,"C3D1",3,18.2,-16.8
"SUBJ-0049","Experimental",1,21.9,"C4D1",4,20.6,-5.9
"SUBJ-0049","Experimental",1,21.9,"C5D1",5,22.3,2
"SUBJ-0049","Experimental",1,21.9,"C6D1",6,23,5.2
"SUBJ-0050","Experimental",1,37.1,"C1D1",0,37.1,0
"SUBJ-0050","Experimental",1,37.1,"C2D1",2,40.2,8.4
"SUBJ-0050","Experimental",1,37.1,"C3D1",3,41.6,12.1
"SUBJ-0050","Experimental",1,37.1,"C4D1",4,43.8,18.1
"SUBJ-0050","Experimental",1,37.1,"C5D1",5,45.6,22.8
"SUBJ-0050","Experimental",1,37.1,"C6D1",6,47.5,28
"SUBJ-0051","Experimental",1,78.7,"C1D1",0,78.7,0
"SUBJ-0051","Experimental",1,78.7,"C2D1",2,62.6,-20.5
"SUBJ-0051","Experimental",1,78.7,"C3D1",3,58.9,-25.1
"SUBJ-0051","Experimental",1,78.7,"C4D1",4,67.6,-14.2
"SUBJ-0051","Experimental",1,78.7,"C5D1",5,71.5,-9.1
"SUBJ-0051","Experimental",1,78.7,"C6D1",6,76.9,-2.3
"SUBJ-0052","Experimental",1,102.6,"C1D1",0,102.6,0
"SUBJ-0052","Experimental",1,102.6,"C2D1",2,45.2,-56
"SUBJ-0052","Experimental",1,102.6,"C3D1",3,49.7,-51.6
"SUBJ-0052","Experimental",1,102.6,"C4D1",4,65.1,-36.5
"SUBJ-0052","Experimental",1,102.6,"C5D1",5,65.5,-36.1
"SUBJ-0053","Experimental",1,33.9,"C1D1",0,33.9,0
"SUBJ-0053","Experimental",1,33.9,"C2D1",2,32.1,-5.4
"SUBJ-0053","Experimental",1,33.9,"C3D1",3,32,-5.5
"SUBJ-0053","Experimental",1,33.9,"C4D1",4,33.2,-1.9
"SUBJ-0053","Experimental",1,33.9,"C5D1",5,36.7,8.2
"SUBJ-0053","Experimental",1,33.9,"C6D1",6,38.7,14.1
"SUBJ-0054","Experimental",1,66.2,"C1D1",0,66.2,0
"SUBJ-0054","Experimental",1,66.2,"C2D1",2,65.9,-0.4
"SUBJ-0055","Experimental",1,36.1,"C1D1",0,36.1,0
"SUBJ-0055","Experimental",1,36.1,"C2D1",2,8.3,-76.9
"SUBJ-0055","Experimental",1,36.1,"C3D1",3,12.9,-64.2
"SUBJ-0055","Experimental",1,36.1,"C4D1",4,15.1,-58.2
"SUBJ-0055","Experimental",1,36.1,"C5D1",5,16.1,-55.5
"SUBJ-0055","Experimental",1,36.1,"C6D1",6,18.9,-47.7
"SUBJ-0056","Experimental",1,23,"C1D1",0,23,0
"SUBJ-0056","Experimental",1,23,"C2D1",2,9.5,-58.7
"SUBJ-0057","Experimental",1,86.8,"C1D1",0,86.8,0
"SUBJ-0057","Experimental",1,86.8,"C2D1",2,30.9,-64.4
"SUBJ-0057","Experimental",1,86.8,"C3D1",3,32.9,-62.1
"SUBJ-0057","Experimental",1,86.8,"C4D1",4,33,-62
"SUBJ-0057","Experimental",1,86.8,"C5D1",5,34.7,-60.1
"SUBJ-0058","Experimental",1,41.2,"C1D1",0,41.2,0
"SUBJ-0058","Experimental",1,41.2,"C2D1",2,29.1,-29.4
"SUBJ-0058","Experimental",1,41.2,"C3D1",3,36.6,-11.2
"SUBJ-0058","Experimental",1,41.2,"C4D1",4,38.5,-6.4
"SUBJ-0058","Experimental",1,41.2,"C5D1",5,44.2,7.4
"SUBJ-0059","Experimental",1,72.3,"C1D1",0,72.3,0
"SUBJ-0060","Experimental",1,113.5,"C1D1",0,113.5,0
"SUBJ-0060","Experimental",1,113.5,"C2D1",2,68.8,-39.3
"SUBJ-0060","Experimental",1,113.5,"C3D1",3,85.8,-24.4
"SUBJ-0061","Experimental",1,89.8,"C1D1",0,89.8,0
"SUBJ-0061","Experimental",1,89.8,"C2D1",2,73.8,-17.8
"SUBJ-0061","Experimental",1,89.8,"C3D1",3,69.2,-23
"SUBJ-0061","Experimental",1,89.8,"C4D1",4,69.3,-22.8
"SUBJ-0062","Experimental",1,89.1,"C1D1",0,89.1,0
"SUBJ-0062","Experimental",1,89.1,"C2D1",2,42.1,-52.8
"SUBJ-0063","Experimental",1,72.3,"C1D1",0,72.3,0
"SUBJ-0064","Experimental",1,53.5,"C1D1",0,53.5,0
"SUBJ-0064","Experimental",1,53.5,"C2D1",2,32.1,-40
"SUBJ-0065","Experimental",1,107.5,"C1D1",0,107.5,0
"SUBJ-0066","Experimental",1,51.1,"C1D1",0,51.1,0
"SUBJ-0066","Experimental",1,51.1,"C2D1",2,27,-47.2
"SUBJ-0066","Experimental",1,51.1,"C3D1",3,12.4,-75.7
"SUBJ-0066","Experimental",1,51.1,"C4D1",4,19.7,-61.5
"SUBJ-0066","Experimental",1,51.1,"C5D1",5,19,-62.9
"SUBJ-0066","Experimental",1,51.1,"C6D1",6,23.1,-54.8
"SUBJ-0067","Experimental",1,64.4,"C1D1",0,64.4,0
"SUBJ-0067","Experimental",1,64.4,"C2D1",2,21.5,-66.6
"SUBJ-0067","Experimental",1,64.4,"C3D1",3,27.3,-57.7
"SUBJ-0067","Experimental",1,64.4,"C4D1",4,34.6,-46.3
"SUBJ-0067","Experimental",1,64.4,"C5D1",5,36.4,-43.4
"SUBJ-0067","Experimental",1,64.4,"C6D1",6,49.1,-23.8
"SUBJ-0068","Experimental",1,99.5,"C1D1",0,99.5,0
"SUBJ-0068","Experimental",1,99.5,"C2D1",2,43.3,-56.5
"SUBJ-0068","Experimental",1,99.5,"C3D1",3,50.3,-49.4
"SUBJ-0069","Experimental",1,81.7,"C1D1",0,81.7,0
"SUBJ-0069","Experimental",1,81.7,"C2D1",2,57.8,-29.2
"SUBJ-0069","Experimental",1,81.7,"C3D1",3,44.6,-45.4
"SUBJ-0069","Experimental",1,81.7,"C4D1",4,50.2,-38.5
"SUBJ-0070","Experimental",1,54.8,"C1D1",0,54.8,0
"SUBJ-0070","Experimental",1,54.8,"C2D1",2,15.5,-71.7
"SUBJ-0070","Experimental",1,54.8,"C3D1",3,0,-107.5
"SUBJ-0070","Experimental",1,54.8,"C4D1",4,0,-144.4
"SUBJ-0071","Experimental",1,47.1,"C1D1",0,47.1,0
"SUBJ-0071","Experimental",1,47.1,"C2D1",2,7.5,-84.1
"SUBJ-0071","Experimental",1,47.1,"C3D1",3,11.4,-75.7
"SUBJ-0071","Experimental",1,47.1,"C4D1",4,16.8,-64.3
"SUBJ-0071","Experimental",1,47.1,"C5D1",5,20,-57.6
"SUBJ-0071","Experimental",1,47.1,"C6D1",6,23.3,-50.6
"SUBJ-0072","Experimental",1,85.1,"C1D1",0,85.1,0
"SUBJ-0072","Experimental",1,85.1,"C2D1",2,41.8,-50.9
"SUBJ-0072","Experimental",1,85.1,"C3D1",3,36.8,-56.8
"SUBJ-0072","Experimental",1,85.1,"C4D1",4,46.2,-45.7
"SUBJ-0073","Experimental",1,22.5,"C1D1",0,22.5,0
"SUBJ-0073","Experimental",1,22.5,"C2D1",2,21,-6.8
"SUBJ-0074","Experimental",1,42.2,"C1D1",0,42.2,0
"SUBJ-0074","Experimental",1,42.2,"C2D1",2,46.2,9.5
"SUBJ-0074","Experimental",1,42.2,"C3D1",3,47.3,12.1
"SUBJ-0074","Experimental",1,42.2,"C4D1",4,49.7,17.7
"SUBJ-0074","Experimental",1,42.2,"C5D1",5,51.5,22.1
"SUBJ-0075","Experimental",1,104.1,"C1D1",0,104.1,0
"SUBJ-0075","Experimental",1,104.1,"C2D1",2,93.8,-9.9
"SUBJ-0075","Experimental",1,104.1,"C3D1",3,101.2,-2.8
"SUBJ-0075","Experimental",1,104.1,"C4D1",4,104.6,0.4
"SUBJ-0075","Experimental",1,104.1,"C5D1",5,109.9,5.6
"SUBJ-0076","Control",0,103.3,"C1D1",0,103.3,0
"SUBJ-0076","Control",0,103.3,"C2D1",2,44.8,-56.7
"SUBJ-0076","Control",0,103.3,"C3D1",3,18.3,-82.3
"SUBJ-0076","Control",0,103.3,"C4D1",4,22.9,-77.8
"SUBJ-0077","Control",0,112.7,"C1D1",0,112.7,0
"SUBJ-0077","Control",0,112.7,"C2D1",2,65.3,-42.1
"SUBJ-0077","Control",0,112.7,"C3D1",3,90.1,-20.1
"SUBJ-0077","Control",0,112.7,"C4D1",4,106.4,-5.6
"SUBJ-0077","Control",0,112.7,"C5D1",5,123.8,9.8
"SUBJ-0077","Control",0,112.7,"C6D1",6,140,24.2
"SUBJ-0078","Control",0,95.5,"C1D1",0,95.5,0
"SUBJ-0078","Control",0,95.5,"C2D1",2,31.3,-67.2
"SUBJ-0078","Control",0,95.5,"C3D1",3,3,-96.9
"SUBJ-0078","Control",0,95.5,"C4D1",4,10.4,-89.1
"SUBJ-0079","Control",0,52.2,"C1D1",0,52.2,0
"SUBJ-0079","Control",0,52.2,"C2D1",2,31,-40.5
"SUBJ-0079","Control",0,52.2,"C3D1",3,39.5,-24.4
"SUBJ-0079","Control",0,52.2,"C4D1",4,42.5,-18.6
"SUBJ-0079","Control",0,52.2,"C5D1",5,48.6,-6.8
"SUBJ-0079","Control",0,52.2,"C6D1",6,53.9,3.3
"SUBJ-0080","Control",0,62.1,"C1D1",0,62.1,0
"SUBJ-0081","Control",0,60.3,"C1D1",0,60.3,0
"SUBJ-0081","Control",0,60.3,"C2D1",2,54,-10.4
"SUBJ-0081","Control",0,60.3,"C3D1",3,59.9,-0.6
"SUBJ-0081","Control",0,60.3,"C4D1",4,62,2.7
"SUBJ-0081","Control",0,60.3,"C5D1",5,68.4,13.5
"SUBJ-0081","Control",0,60.3,"C6D1",6,73.3,21.6
"SUBJ-0082","Control",0,82.5,"C1D1",0,82.5,0
"SUBJ-0082","Control",0,82.5,"C2D1",2,70.3,-14.7
"SUBJ-0082","Control",0,82.5,"C3D1",3,74.1,-10.2
"SUBJ-0082","Control",0,82.5,"C4D1",4,85.6,3.8
"SUBJ-0082","Control",0,82.5,"C5D1",5,95.4,15.7
"SUBJ-0083","Control",0,27.7,"C1D1",0,27.7,0
"SUBJ-0083","Control",0,27.7,"C2D1",2,35.3,27.3
"SUBJ-0083","Control",0,27.7,"C3D1",3,41.5,50
"SUBJ-0083","Control",0,27.7,"C4D1",4,46,66
"SUBJ-0084","Control",0,85.2,"C1D1",0,85.2,0
"SUBJ-0084","Control",0,85.2,"C2D1",2,87.1,2.2
"SUBJ-0084","Control",0,85.2,"C3D1",3,94.4,10.8
"SUBJ-0084","Control",0,85.2,"C4D1",4,107.6,26.3
"SUBJ-0084","Control",0,85.2,"C5D1",5,115,35
"SUBJ-0084","Control",0,85.2,"C6D1",6,124,45.6
"SUBJ-0085","Control",0,46.1,"C1D1",0,46.1,0
"SUBJ-0085","Control",0,46.1,"C2D1",2,39.8,-13.6
"SUBJ-0085","Control",0,46.1,"C3D1",3,48.6,5.4
"SUBJ-0086","Control",0,106.5,"C1D1",0,106.5,0
"SUBJ-0086","Control",0,106.5,"C2D1",2,110.5,3.8
"SUBJ-0086","Control",0,106.5,"C3D1",3,120.7,13.3
"SUBJ-0086","Control",0,106.5,"C4D1",4,110.5,3.8
"SUBJ-0087","Control",0,50.2,"C1D1",0,50.2,0
"SUBJ-0087","Control",0,50.2,"C2D1",2,23.2,-53.7
"SUBJ-0087","Control",0,50.2,"C3D1",3,11.7,-76.7
"SUBJ-0087","Control",0,50.2,"C4D1",4,12.3,-75.5
"SUBJ-0087","Control",0,50.2,"C5D1",5,15.7,-68.8
"SUBJ-0087","Control",0,50.2,"C6D1",6,17.8,-64.5
"SUBJ-0088","Control",0,66.1,"C1D1",0,66.1,0
"SUBJ-0088","Control",0,66.1,"C2D1",2,53.2,-19.5
"SUBJ-0088","Control",0,66.1,"C3D1",3,62.2,-5.9
"SUBJ-0088","Control",0,66.1,"C4D1",4,67.8,2.6
"SUBJ-0088","Control",0,66.1,"C5D1",5,76.4,15.6
"SUBJ-0088","Control",0,66.1,"C6D1",6,80.5,21.7
"SUBJ-0089","Control",0,26.4,"C1D1",0,26.4,0
"SUBJ-0089","Control",0,26.4,"C2D1",2,27.5,4
"SUBJ-0089","Control",0,26.4,"C3D1",3,30.4,15.2
"SUBJ-0089","Control",0,26.4,"C4D1",4,32.9,24.6
"SUBJ-0089","Control",0,26.4,"C5D1",5,34.7,31.4
"SUBJ-0089","Control",0,26.4,"C6D1",6,38.8,47
"SUBJ-0090","Control",0,60.3,"C1D1",0,60.3,0
"SUBJ-0090","Control",0,60.3,"C2D1",2,73.5,21.9
"SUBJ-0090","Control",0,60.3,"C3D1",3,85.2,41.3
"SUBJ-0090","Control",0,60.3,"C4D1",4,91.2,51.3
"SUBJ-0091","Control",0,81.7,"C1D1",0,81.7,0
"SUBJ-0091","Control",0,81.7,"C2D1",2,75.2,-7.9
"SUBJ-0091","Control",0,81.7,"C3D1",3,60.7,-25.7
"SUBJ-0091","Control",0,81.7,"C4D1",4,59,-27.7
"SUBJ-0091","Control",0,81.7,"C5D1",5,58.5,-28.4
"SUBJ-0091","Control",0,81.7,"C6D1",6,68.5,-16.2
"SUBJ-0092","Control",0,72.2,"C1D1",0,72.2,0
"SUBJ-0092","Control",0,72.2,"C2D1",2,82.3,13.9
"SUBJ-0092","Control",0,72.2,"C3D1",3,88.6,22.7
"SUBJ-0092","Control",0,72.2,"C4D1",4,90.2,25
"SUBJ-0093","Control",0,101.2,"C1D1",0,101.2,0
"SUBJ-0093","Control",0,101.2,"C2D1",2,55.5,-45.1
"SUBJ-0093","Control",0,101.2,"C3D1",3,64.3,-36.5
"SUBJ-0093","Control",0,101.2,"C4D1",4,76,-24.9
"SUBJ-0094","Control",0,118.4,"C1D1",0,118.4,0
"SUBJ-0094","Control",0,118.4,"C2D1",2,121.4,2.5
"SUBJ-0094","Control",0,118.4,"C3D1",3,142.8,20.6
"SUBJ-0094","Control",0,118.4,"C4D1",4,148.8,25.6
"SUBJ-0094","Control",0,118.4,"C5D1",5,163.9,38.4
"SUBJ-0094","Control",0,118.4,"C6D1",6,177.6,50
"SUBJ-0095","Control",0,108,"C1D1",0,108,0
"SUBJ-0095","Control",0,108,"C2D1",2,75.2,-30.4
"SUBJ-0095","Control",0,108,"C3D1",3,84.1,-22.1
"SUBJ-0095","Control",0,108,"C4D1",4,89.3,-17.3
"SUBJ-0095","Control",0,108,"C5D1",5,102.9,-4.7
"SUBJ-0096","Control",0,34.5,"C1D1",0,34.5,0
"SUBJ-0096","Control",0,34.5,"C2D1",2,32.8,-5
"SUBJ-0096","Control",0,34.5,"C3D1",3,33.4,-3.2
"SUBJ-0096","Control",0,34.5,"C4D1",4,35.6,3.3
"SUBJ-0096","Control",0,34.5,"C5D1",5,36.9,6.9
"SUBJ-0096","Control",0,34.5,"C6D1",6,38,10
"SUBJ-0097","Control",0,85.3,"C1D1",0,85.3,0
"SUBJ-0097","Control",0,85.3,"C2D1",2,86.9,1.8
"SUBJ-0097","Control",0,85.3,"C3D1",3,82.5,-3.3
"SUBJ-0097","Control",0,85.3,"C4D1",4,86.8,1.8
"SUBJ-0097","Control",0,85.3,"C5D1",5,94.9,11.3
"SUBJ-0097","Control",0,85.3,"C6D1",6,98.7,15.7
"SUBJ-0098","Control",0,85.9,"C1D1",0,85.9,0
"SUBJ-0098","Control",0,85.9,"C2D1",2,63.1,-26.6
"SUBJ-0098","Control",0,85.9,"C3D1",3,80.3,-6.5
"SUBJ-0098","Control",0,85.9,"C4D1",4,92.6,7.9
"SUBJ-0098","Control",0,85.9,"C5D1",5,108.7,26.5
"SUBJ-0098","Control",0,85.9,"C6D1",6,124.5,45
"SUBJ-0099","Control",0,90.4,"C1D1",0,90.4,0
"SUBJ-0099","Control",0,90.4,"C2D1",2,104.9,16.1
"SUBJ-0099","Control",0,90.4,"C3D1",3,115.5,27.8
"SUBJ-0099","Control",0,90.4,"C4D1",4,123,36.1
"SUBJ-0099","Control",0,90.4,"C5D1",5,133,47.1
"SUBJ-0099","Control",0,90.4,"C6D1",6,135.7,50.1
"SUBJ-0100","Control",0,48.7,"C1D1",0,48.7,0
"SUBJ-0100","Control",0,48.7,"C2D1",2,49.4,1.5
"SUBJ-0100","Control",0,48.7,"C3D1",3,57,17
"SUBJ-0100","Control",0,48.7,"C4D1",4,66.8,37.1
"SUBJ-0100","Control",0,48.7,"C5D1",5,74.3,52.5
"SUBJ-0100","Control",0,48.7,"C6D1",6,84.4,73.3
"SUBJ-0101","Control",0,99.7,"C1D1",0,99.7,0
"SUBJ-0101","Control",0,99.7,"C2D1",2,125.8,26.2
"SUBJ-0102","Control",0,87.2,"C1D1",0,87.2,0
"SUBJ-0102","Control",0,87.2,"C2D1",2,93.9,7.7
"SUBJ-0102","Control",0,87.2,"C3D1",3,99.4,14
"SUBJ-0102","Control",0,87.2,"C4D1",4,102.4,17.5
"SUBJ-0103","Control",0,65,"C1D1",0,65,0
"SUBJ-0103","Control",0,65,"C2D1",2,67.6,4.1
"SUBJ-0103","Control",0,65,"C3D1",3,75.4,16.1
"SUBJ-0104","Control",0,117,"C1D1",0,117,0
"SUBJ-0104","Control",0,117,"C2D1",2,116.5,-0.5
"SUBJ-0104","Control",0,117,"C3D1",3,110.6,-5.5
"SUBJ-0104","Control",0,117,"C4D1",4,112.9,-3.5
"SUBJ-0104","Control",0,117,"C5D1",5,118.2,1
"SUBJ-0104","Control",0,117,"C6D1",6,110.7,-5.4
"SUBJ-0105","Control",0,74.3,"C1D1",0,74.3,0
"SUBJ-0105","Control",0,74.3,"C2D1",2,46,-38.1
"SUBJ-0105","Control",0,74.3,"C3D1",3,52.3,-29.7
"SUBJ-0105","Control",0,74.3,"C4D1",4,51.1,-31.3
"SUBJ-0105","Control",0,74.3,"C5D1",5,56.7,-23.7
"SUBJ-0105","Control",0,74.3,"C6D1",6,59.1,-20.4
"SUBJ-0106","Control",0,76.8,"C1D1",0,76.8,0
"SUBJ-0106","Control",0,76.8,"C2D1",2,22.8,-70.3
"SUBJ-0106","Control",0,76.8,"C3D1",3,0,-104.5
"SUBJ-0106","Control",0,76.8,"C4D1",4,3.1,-96
"SUBJ-0107","Control",0,60.1,"C1D1",0,60.1,0
"SUBJ-0107","Control",0,60.1,"C2D1",2,64.8,7.7
"SUBJ-0107","Control",0,60.1,"C3D1",3,71.8,19.4
"SUBJ-0107","Control",0,60.1,"C4D1",4,77,28.1
"SUBJ-0108","Control",0,110.4,"C1D1",0,110.4,0
"SUBJ-0108","Control",0,110.4,"C2D1",2,54,-51
"SUBJ-0108","Control",0,110.4,"C3D1",3,76.2,-31
"SUBJ-0108","Control",0,110.4,"C4D1",4,78.3,-29
"SUBJ-0109","Control",0,57.5,"C1D1",0,57.5,0
"SUBJ-0109","Control",0,57.5,"C2D1",2,61.2,6.5
"SUBJ-0109","Control",0,57.5,"C3D1",3,68.6,19.4
"SUBJ-0109","Control",0,57.5,"C4D1",4,79.3,38
"SUBJ-0110","Control",0,65,"C1D1",0,65,0
"SUBJ-0110","Control",0,65,"C2D1",2,55,-15.4
"SUBJ-0110","Control",0,65,"C3D1",3,46,-29.2
"SUBJ-0110","Control",0,65,"C4D1",4,54.7,-15.9
"SUBJ-0110","Control",0,65,"C5D1",5,63.8,-1.9
"SUBJ-0110","Control",0,65,"C6D1",6,65.5,0.8
"SUBJ-0111","Control",0,49.2,"C1D1",0,49.2,0
"SUBJ-0111","Control",0,49.2,"C2D1",2,40.6,-17.5
"SUBJ-0111","Control",0,49.2,"C3D1",3,35.4,-28.1
"SUBJ-0111","Control",0,49.2,"C4D1",4,37,-24.7
"SUBJ-0112","Control",0,107.7,"C1D1",0,107.7,0
"SUBJ-0112","Control",0,107.7,"C2D1",2,80.5,-25.2
"SUBJ-0113","Control",0,47,"C1D1",0,47,0
"SUBJ-0113","Control",0,47,"C2D1",2,45.6,-3
"SUBJ-0113","Control",0,47,"C3D1",3,52.7,12.2
"SUBJ-0113","Control",0,47,"C4D1",4,58.3,24.1
"SUBJ-0114","Control",0,51.4,"C1D1",0,51.4,0
"SUBJ-0114","Control",0,51.4,"C2D1",2,30.5,-40.6
"SUBJ-0114","Control",0,51.4,"C3D1",3,20.9,-59.4
"SUBJ-0114","Control",0,51.4,"C4D1",4,25.4,-50.5
"SUBJ-0114","Control",0,51.4,"C5D1",5,30.3,-41.1
"SUBJ-0115","Control",0,29.9,"C1D1",0,29.9,0
"SUBJ-0115","Control",0,29.9,"C2D1",2,31.8,6.3
"SUBJ-0115","Control",0,29.9,"C3D1",3,34.4,15.1
"SUBJ-0116","Control",0,87,"C1D1",0,87,0
"SUBJ-0116","Control",0,87,"C2D1",2,82.7,-4.9
"SUBJ-0116","Control",0,87,"C3D1",3,92.7,6.6
"SUBJ-0116","Control",0,87,"C4D1",4,100.9,15.9
"SUBJ-0116","Control",0,87,"C5D1",5,111.1,27.7
"SUBJ-0116","Control",0,87,"C6D1",6,127.5,46.6
"SUBJ-0117","Control",0,72.8,"C1D1",0,72.8,0
"SUBJ-0117","Control",0,72.8,"C2D1",2,95.3,30.9
"SUBJ-0117","Control",0,72.8,"C3D1",3,99.8,37
"SUBJ-0117","Control",0,72.8,"C4D1",4,101.5,39.4
"SUBJ-0118","Control",0,42.1,"C1D1",0,42.1,0
"SUBJ-0118","Control",0,42.1,"C2D1",2,38.8,-7.9
"SUBJ-0118","Control",0,42.1,"C3D1",3,40,-5.1
"SUBJ-0118","Control",0,42.1,"C4D1",4,42.3,0.5
"SUBJ-0118","Control",0,42.1,"C5D1",5,45.3,7.5
"SUBJ-0118","Control",0,42.1,"C6D1",6,48.9,16.2
"SUBJ-0119","Control",0,97.8,"C1D1",0,97.8,0
"SUBJ-0119","Control",0,97.8,"C2D1",2,89.7,-8.3
"SUBJ-0119","Control",0,97.8,"C3D1",3,86.3,-11.7
"SUBJ-0119","Control",0,97.8,"C4D1",4,92,-5.9
"SUBJ-0120","Control",0,57.4,"C1D1",0,57.4,0
"SUBJ-0120","Control",0,57.4,"C2D1",2,45.4,-20.9
"SUBJ-0120","Control",0,57.4,"C3D1",3,49.9,-13
"SUBJ-0120","Control",0,57.4,"C4D1",4,53.4,-6.9
"SUBJ-0120","Control",0,57.4,"C5D1",5,58.7,2.3
"SUBJ-0121","Control",0,56.1,"C1D1",0,56.1,0
"SUBJ-0121","Control",0,56.1,"C2D1",2,36.3,-35.3
"SUBJ-0121","Control",0,56.1,"C3D1",3,39.7,-29.3
"SUBJ-0121","Control",0,56.1,"C4D1",4,47.2,-15.9
"SUBJ-0122","Control",0,58.8,"C1D1",0,58.8,0
"SUBJ-0122","Control",0,58.8,"C2D1",2,42.1,-28.4
"SUBJ-0122","Control",0,58.8,"C3D1",3,45,-23.4
"SUBJ-0123","Control",0,72.8,"C1D1",0,72.8,0
"SUBJ-0123","Control",0,72.8,"C2D1",2,50.2,-31
"SUBJ-0123","Control",0,72.8,"C3D1",3,61.8,-15.1
"SUBJ-0124","Control",0,97.2,"C1D1",0,97.2,0
"SUBJ-0124","Control",0,97.2,"C2D1",2,67.4,-30.7
"SUBJ-0124","Control",0,97.2,"C3D1",3,71.3,-26.6
"SUBJ-0124","Control",0,97.2,"C4D1",4,78.6,-19.1
"SUBJ-0124","Control",0,97.2,"C5D1",5,78.8,-19
"SUBJ-0124","Control",0,97.2,"C6D1",6,86.5,-11
"SUBJ-0125","Control",0,81.3,"C1D1",0,81.3,0
"SUBJ-0125","Control",0,81.3,"C2D1",2,81.5,0.2
"SUBJ-0125","Control",0,81.3,"C3D1",3,84.2,3.6
"SUBJ-0125","Control",0,81.3,"C4D1",4,95.9,18
"SUBJ-0125","Control",0,81.3,"C5D1",5,105.3,29.5
"SUBJ-0126","Control",0,110.8,"C1D1",0,110.8,0
"SUBJ-0126","Control",0,110.8,"C2D1",2,38.7,-65.1
"SUBJ-0126","Control",0,110.8,"C3D1",3,50.8,-54.2
"SUBJ-0126","Control",0,110.8,"C4D1",4,58.8,-46.9
"SUBJ-0126","Control",0,110.8,"C5D1",5,69.2,-37.5
"SUBJ-0126","Control",0,110.8,"C6D1",6,79.3,-28.5
"SUBJ-0127","Control",0,59.9,"C1D1",0,59.9,0
"SUBJ-0127","Control",0,59.9,"C2D1",2,67.4,12.5
"SUBJ-0127","Control",0,59.9,"C3D1",3,75.5,26
"SUBJ-0127","Control",0,59.9,"C4D1",4,85.5,42.7
"SUBJ-0127","Control",0,59.9,"C5D1",5,91.7,53.1
"SUBJ-0127","Control",0,59.9,"C6D1",6,100.9,68.4
"SUBJ-0128","Control",0,99.7,"C1D1",0,99.7,0
"SUBJ-0128","Control",0,99.7,"C2D1",2,89.1,-10.6
"SUBJ-0128","Control",0,99.7,"C3D1",3,96.2,-3.5
"SUBJ-0129","Control",0,33.3,"C1D1",0,33.3,0
"SUBJ-0129","Control",0,33.3,"C2D1",2,28.6,-14.1
"SUBJ-0129","Control",0,33.3,"C3D1",3,29.8,-10.7
"SUBJ-0129","Control",0,33.3,"C4D1",4,34.1,2.3
"SUBJ-0129","Control",0,33.3,"C5D1",5,34.4,3.2
"SUBJ-0129","Control",0,33.3,"C6D1",6,36.6,9.9
"SUBJ-0130","Control",0,89.1,"C1D1",0,89.1,0
"SUBJ-0130","Control",0,89.1,"C2D1",2,99.6,11.8
"SUBJ-0130","Control",0,89.1,"C3D1",3,112.4,26.2
"SUBJ-0130","Control",0,89.1,"C4D1",4,119.7,34.3
"SUBJ-0130","Control",0,89.1,"C5D1",5,118.3,32.8
"SUBJ-0131","Control",0,46.6,"C1D1",0,46.6,0
"SUBJ-0131","Control",0,46.6,"C2D1",2,60.9,30.7
"SUBJ-0131","Control",0,46.6,"C3D1",3,61.1,31.1
"SUBJ-0131","Control",0,46.6,"C4D1",4,60.3,29.4
"SUBJ-0132","Control",0,85.1,"C1D1",0,85.1,0
"SUBJ-0132","Control",0,85.1,"C2D1",2,78.1,-8.2
"SUBJ-0132","Control",0,85.1,"C3D1",3,71.1,-16.5
"SUBJ-0132","Control",0,85.1,"C4D1",4,82.7,-2.8
"SUBJ-0132","Control",0,85.1,"C5D1",5,86.7,1.8
"SUBJ-0132","Control",0,85.1,"C6D1",6,93.9,10.3
"SUBJ-0133","Control",0,117.9,"C1D1",0,117.9,0
"SUBJ-0134","Control",0,86.9,"C1D1",0,86.9,0
"SUBJ-0134","Control",0,86.9,"C2D1",2,74,-14.9
"SUBJ-0134","Control",0,86.9,"C3D1",3,84,-3.3
"SUBJ-0134","Control",0,86.9,"C4D1",4,88.2,1.5
"SUBJ-0134","Control",0,86.9,"C5D1",5,96.2,10.7
"SUBJ-0134","Control",0,86.9,"C6D1",6,109.2,25.7
"SUBJ-0135","Control",0,105.3,"C1D1",0,105.3,0
"SUBJ-0135","Control",0,105.3,"C2D1",2,121.9,15.7
"SUBJ-0136","Control",0,35.5,"C1D1",0,35.5,0
"SUBJ-0136","Control",0,35.5,"C2D1",2,23.1,-34.9
"SUBJ-0136","Control",0,35.5,"C3D1",3,24.7,-30.4
"SUBJ-0136","Control",0,35.5,"C4D1",4,26.3,-25.8
"SUBJ-0136","Control",0,35.5,"C5D1",5,28,-21
"SUBJ-0137","Control",0,98.9,"C1D1",0,98.9,0
"SUBJ-0137","Control",0,98.9,"C2D1",2,60.3,-39
"SUBJ-0137","Control",0,98.9,"C3D1",3,62.1,-37.2
"SUBJ-0137","Control",0,98.9,"C4D1",4,64.2,-35.1
"SUBJ-0137","Control",0,98.9,"C5D1",5,68.4,-30.9
"SUBJ-0137","Control",0,98.9,"C6D1",6,77.2,-21.9
"SUBJ-0138","Control",0,83.4,"C1D1",0,83.4,0
"SUBJ-0138","Control",0,83.4,"C2D1",2,71.5,-14.2
"SUBJ-0138","Control",0,83.4,"C3D1",3,78.6,-5.8
"SUBJ-0138","Control",0,83.4,"C4D1",4,84.1,0.8
"SUBJ-0139","Control",0,80.3,"C1D1",0,80.3,0
"SUBJ-0140","Control",0,48.2,"C1D1",0,48.2,0
"SUBJ-0140","Control",0,48.2,"C2D1",2,44.2,-8.3
"SUBJ-0140","Control",0,48.2,"C3D1",3,46.6,-3.2
"SUBJ-0140","Control",0,48.2,"C4D1",4,53,9.9
"SUBJ-0140","Control",0,48.2,"C5D1",5,57.3,18.9
"SUBJ-0141","Control",0,84.6,"C1D1",0,84.6,0
"SUBJ-0141","Control",0,84.6,"C2D1",2,53.6,-36.7
"SUBJ-0141","Control",0,84.6,"C3D1",3,58.1,-31.3
"SUBJ-0141","Control",0,84.6,"C4D1",4,61.8,-27
"SUBJ-0141","Control",0,84.6,"C5D1",5,69.5,-17.9
"SUBJ-0142","Control",0,96.7,"C1D1",0,96.7,0
"SUBJ-0142","Control",0,96.7,"C2D1",2,112.2,16
"SUBJ-0142","Control",0,96.7,"C3D1",3,121.3,25.4
"SUBJ-0142","Control",0,96.7,"C4D1",4,125.3,29.6
"SUBJ-0142","Control",0,96.7,"C5D1",5,124.8,29.1
"SUBJ-0142","Control",0,96.7,"C6D1",6,128.4,32.8
"SUBJ-0143","Control",0,113.7,"C1D1",0,113.7,0
"SUBJ-0143","Control",0,113.7,"C2D1",2,127.2,11.9
"SUBJ-0143","Control",0,113.7,"C3D1",3,136.1,19.7
"SUBJ-0144","Control",0,52.7,"C1D1",0,52.7,0
"SUBJ-0144","Control",0,52.7,"C2D1",2,53.7,1.9
"SUBJ-0144","Control",0,52.7,"C3D1",3,63.1,19.7
"SUBJ-0144","Control",0,52.7,"C4D1",4,69.7,32.2
"SUBJ-0144","Control",0,52.7,"C5D1",5,77.5,47.1
"SUBJ-0144","Control",0,52.7,"C6D1",6,87.1,65.2
"SUBJ-0145","Control",0,79.7,"C1D1",0,79.7,0
"SUBJ-0145","Control",0,79.7,"C2D1",2,54.7,-31.4
"SUBJ-0145","Control",0,79.7,"C3D1",3,56,-29.7
"SUBJ-0145","Control",0,79.7,"C4D1",4,57.4,-27.9
"SUBJ-0146","Control",0,57.8,"C1D1",0,57.8,0
"SUBJ-0146","Control",0,57.8,"C2D1",2,69.9,20.9
"SUBJ-0146","Control",0,57.8,"C3D1",3,75.2,30.2
"SUBJ-0146","Control",0,57.8,"C4D1",4,81.2,40.5
"SUBJ-0146","Control",0,57.8,"C5D1",5,85.3,47.6
"SUBJ-0147","Control",0,99.3,"C1D1",0,99.3,0
"SUBJ-0147","Control",0,99.3,"C2D1",2,90.6,-8.7
"SUBJ-0147","Control",0,99.3,"C3D1",3,98.2,-1.1
"SUBJ-0147","Control",0,99.3,"C4D1",4,101.8,2.5
"SUBJ-0147","Control",0,99.3,"C5D1",5,106.9,7.7
"SUBJ-0147","Control",0,99.3,"C6D1",6,114.8,15.7
"SUBJ-0148","Control",0,100.1,"C1D1",0,100.1,0
"SUBJ-0149","Control",0,78.1,"C1D1",0,78.1,0
"SUBJ-0149","Control",0,78.1,"C2D1",2,68.6,-12.1
"SUBJ-0149","Control",0,78.1,"C3D1",3,76.9,-1.6
"SUBJ-0149","Control",0,78.1,"C4D1",4,79.8,2.2
"SUBJ-0149","Control",0,78.1,"C5D1",5,88,12.7
"SUBJ-0149","Control",0,78.1,"C6D1",6,95.4,22.2
"SUBJ-0150","Control",0,43.1,"C1D1",0,43.1,0
"SUBJ-0150","Control",0,43.1,"C2D1",2,31,-28.1
"SUBJ-0150","Control",0,43.1,"C3D1",3,24.3,-43.6
"SUBJ-0150","Control",0,43.1,"C4D1",4,31.5,-26.9
"SUBJ-0150","Control",0,43.1,"C5D1",5,35,-18.8
