"USUBJID","TRT01P","TRT01PN","ALT_BASE","ALT_MAX","ALT_3XULN","AST_BASE","AST_MAX","AST_3XULN","BILI_BASE","BILI_MAX","BILI_2XULN","QTC_BASE","QTC_MAX","QTC_DELTA","QTC_PROLONGED","HYS_LAW"
"SUBJ-0001","Placebo",0,22.2,192.5,"Y",26,232,"Y",0.87,4.35,"Y",398,417.3,19.3,"N","Y"
"SUBJ-0002","Placebo",0,37.5,151.7,"Y",21.8,191,"Y",0.48,4.19,"Y",417.3,420.3,3,"N","Y"
"SUBJ-0003","Placebo",0,28.7,46.7,"N",10.2,11.9,"N",0.61,0.66,"N",388.4,507.1,118.7,"Y","N"
"SUBJ-0004","Placebo",0,20.5,30,"N",7.9,7.9,"N",0.49,0.65,"N",462.5,504.1,41.6,"Y","N"
"SUBJ-0005","Placebo",0,26.3,26.3,"N",13.7,19.8,"N",0.58,0.58,"N",380,515.7,135.7,"Y","N"
"SUBJ-0006","Placebo",0,36.3,51.9,"N",26.9,46.5,"N",0.63,0.63,"N",459.1,459.1,0,"N","N"
"SUBJ-0007","Placebo",0,23.5,29.1,"N",22.8,53.2,"N",0.58,0.72,"N",426.4,426.8,0.4,"N","N"
"SUBJ-0008","Placebo",0,17.4,46.7,"N",18.1,38.3,"N",0.53,0.53,"N",403.3,403.3,0,"N","N"
"SUBJ-0009","Placebo",0,33.6,47.6,"N",17.7,26.2,"N",0.51,0.76,"N",420.5,420.5,0,"N","N"
"SUBJ-0010","Placebo",0,37,67.3,"N",28.4,28.4,"N",0.61,0.61,"N",414,416.4,2.4,"N","N"
"SUBJ-0011","Placebo",0,14.1,14.8,"N",11.1,30,"N",0.56,0.56,"N",460,479.8,19.8,"N","N"
"SUBJ-0012","Placebo",0,27.8,49.6,"N",30,55.5,"N",0.49,0.56,"N",459.2,498.5,39.3,"Y","N"
"SUBJ-0013","Placebo",0,23,42.6,"N",27.6,33.4,"N",0.68,0.74,"N",430.3,430.3,0,"N","N"
"SUBJ-0014","Placebo",0,27.6,43.2,"N",17,22.7,"N",0.68,0.74,"N",409.3,411.5,2.2,"N","N"
"SUBJ-0015","Placebo",0,26.2,55.5,"N",23.2,46.1,"N",0.63,0.79,"N",418,432.9,14.9,"N","N"
"SUBJ-0016","Placebo",0,21.8,43.9,"N",31.1,41.3,"N",0.38,0.57,"N",399.4,401.9,2.5,"N","N"
"SUBJ-0017","Placebo",0,25.5,46.7,"N",34.8,70.1,"N",0.68,0.68,"N",395.9,395.9,0,"N","N"
"SUBJ-0018","Placebo",0,12.3,36.8,"N",35.9,43.3,"N",0.69,0.93,"N",408.9,408.9,0,"N","N"
"SUBJ-0019","Placebo",0,10.8,10.8,"N",27,27,"N",0.54,0.84,"N",445.6,453.9,8.3,"N","N"
"SUBJ-0020","Placebo",0,27.8,44.1,"N",22.3,43,"N",0.71,0.71,"N",405.4,405.4,0,"N","N"
"SUBJ-0021","Placebo",0,22.7,45.9,"N",27.6,39.9,"N",0.85,0.85,"N",420.5,420.5,0,"N","N"
"SUBJ-0022","Placebo",0,20.9,20.9,"N",21.9,26.7,"N",0.67,0.67,"N",440.9,447.8,6.9,"N","N"
"SUBJ-0023","Placebo",0,8.6,31.6,"N",16,16,"N",0.75,0.75,"N",423.5,436,12.5,"N","N"
"SUBJ-0024","Placebo",0,17.4,17.4,"N",30.8,49.3,"N",0.86,1.01,"N",425.6,425.6,0,"N","N"
"SUBJ-0025","Placebo",0,23.5,23.5,"N",29.6,44.7,"N",0.93,1.13,"N",401.9,401.9,0,"N","N"
"SUBJ-0026","Placebo",0,18.1,24.9,"N",34.1,45.4,"N",0.5,0.82,"N",417.4,417.4,0,"N","N"
"SUBJ-0027","Placebo",0,22.7,22.7,"N",37.3,63.9,"N",0.52,0.67,"N",395.3,407.2,11.9,"N","N"
"SUBJ-0028","Placebo",0,25.1,25.1,"N",35.8,35.8,"N",0.53,0.77,"N",399.9,414.4,14.5,"N","N"
"SUBJ-0029","Placebo",0,20.9,39.1,"N",30.3,40.8,"N",0.82,0.84,"N",391.8,395.7,3.9,"N","N"
"SUBJ-0030","Placebo",0,25.4,34.4,"N",23.7,28.7,"N",0.72,0.72,"N",406.1,411.5,5.4,"N","N"
"SUBJ-0031","Placebo",0,20.1,43.5,"N",23.3,37.5,"N",0.79,0.93,"N",421.7,421.7,0,"N","N"
"SUBJ-0032","Placebo",0,19.5,30.8,"N",20.7,34,"N",0.66,0.81,"N",413,439.2,26.2,"N","N"
"SUBJ-0033","Placebo",0,20,20,"N",17.8,24.4,"N",0.54,0.54,"N",395.5,396,0.5,"N","N"
"SUBJ-0034","Placebo",0,27.1,27.1,"N",20.9,20.9,"N",0.31,0.55,"N",395.5,395.5,0,"N","N"
"SUBJ-0035","Placebo",0,28.6,38.5,"N",28.9,37.5,"N",0.26,0.27,"N",388.2,393.5,5.3,"N","N"
"SUBJ-0036","Placebo",0,40.7,43.6,"N",27.1,52.9,"N",1,1.08,"N",423.3,437.3,14,"N","N"
"SUBJ-0037","Placebo",0,14.1,33,"N",14.4,14.4,"N",0.6,0.6,"N",420.5,449.1,28.6,"N","N"
"SUBJ-0038","Placebo",0,16.3,26.1,"N",33.6,35.1,"N",0.71,0.91,"N",386.7,397.5,10.8,"N","N"
"SUBJ-0039","Placebo",0,27.2,27.2,"N",34.3,48.3,"N",0.74,0.78,"N",381.4,381.4,0,"N","N"
"SUBJ-0040","Placebo",0,35.1,36.5,"N",35.9,35.9,"N",0.89,0.89,"N",413.6,417.4,3.8,"N","N"
"SUBJ-0041","Placebo",0,31.8,52,"N",14.2,14.2,"N",0.73,0.87,"N",405.8,412.4,6.6,"N","N"
"SUBJ-0042","Placebo",0,18.3,18.3,"N",20.7,20.7,"N",0.61,0.61,"N",390.9,398.4,7.5,"N","N"
"SUBJ-0043","Placebo",0,16.6,16.6,"N",20.7,20.7,"N",0.75,0.82,"N",435.8,455.6,19.8,"N","N"
"SUBJ-0044","Placebo",0,35.6,50.4,"N",20.4,32.7,"N",0.67,0.77,"N",413.7,417.4,3.7,"N","N"
"SUBJ-0045","Placebo",0,34.3,44.5,"N",19.5,51.5,"N",0.47,0.98,"N",414.6,414.6,0,"N","N"
"SUBJ-0046","Placebo",0,23.7,23.7,"N",19.5,34.1,"N",0.79,0.97,"N",427.3,453.2,25.9,"N","N"
"SUBJ-0047","Placebo",0,35.6,43,"N",16.2,16.2,"N",0.63,0.63,"N",423.4,469.6,46.2,"N","N"
"SUBJ-0048","Placebo",0,21.9,31.7,"N",19.5,20.8,"N",0.59,0.75,"N",408.4,408.9,0.5,"N","N"
"SUBJ-0049","Placebo",0,15.5,15.5,"N",21.3,21.3,"N",0.42,0.51,"N",392.3,411.4,19.1,"N","N"
"SUBJ-0050","Placebo",0,21.6,34,"N",25.5,25.5,"N",0.83,0.96,"N",438.6,459.8,21.2,"N","N"
"SUBJ-0051","Placebo",0,22.6,22.6,"N",28.8,28.8,"N",0.52,0.52,"N",380.8,399.6,18.8,"N","N"
"SUBJ-0052","Placebo",0,9.5,13.4,"N",31.7,56.7,"N",0.58,0.93,"N",442.6,442.6,0,"N","N"
"SUBJ-0053","Placebo",0,20.6,37.5,"N",17.6,33.3,"N",0.59,0.77,"N",404.2,419.2,15,"N","N"
"SUBJ-0054","Placebo",0,18.7,23.3,"N",24.3,24.3,"N",0.59,0.63,"N",456.5,479.9,23.4,"N","N"
"SUBJ-0055","Placebo",0,25.9,25.9,"N",42.7,60.6,"N",0.71,0.71,"N",410.9,460.7,49.8,"N","N"
"SUBJ-0056","Placebo",0,17.8,22.6,"N",20.3,43.7,"N",0.78,0.94,"N",404,415,11,"N","N"
"SUBJ-0057","Placebo",0,25.9,25.9,"N",29.9,35.1,"N",0.71,0.71,"N",415.8,421.9,6.1,"N","N"
"SUBJ-0058","Placebo",0,26.3,28,"N",18.4,42.7,"N",0.31,0.31,"N",441.3,441.3,0,"N","N"
"SUBJ-0059","Placebo",0,19.8,20.2,"N",32.5,44.6,"N",0.2,0.38,"N",380,385.2,5.2,"N","N"
"SUBJ-0060","Placebo",0,21.7,67.8,"N",28.4,44.1,"N",0.53,0.74,"N",408.8,424.4,15.6,"N","N"
"SUBJ-0061","Placebo",0,41.1,55,"N",16.7,20.8,"N",0.56,0.6,"N",420.9,435.9,15,"N","N"
"SUBJ-0062","Placebo",0,34.4,47.7,"N",32.2,57.5,"N",0.57,0.57,"N",418,418,0,"N","N"
"SUBJ-0063","Placebo",0,34.4,44.8,"N",33,41.6,"N",0.32,0.32,"N",417.3,422.4,5.1,"N","N"
"SUBJ-0064","Placebo",0,22.5,24.1,"N",31.1,35.9,"N",0.46,0.46,"N",408.5,408.5,0,"N","N"
"SUBJ-0065","Placebo",0,15.3,15.3,"N",5,18.6,"N",0.24,0.24,"N",392.2,403.3,11.1,"N","N"
"SUBJ-0066","Placebo",0,26.6,56.4,"N",25.2,31.9,"N",1.13,1.13,"N",472.2,478.6,6.4,"N","N"
"SUBJ-0067","Placebo",0,22.5,24.3,"N",36.2,41.1,"N",0.71,0.86,"N",386,409.2,23.2,"N","N"
"SUBJ-0068","Placebo",0,50.7,50.7,"N",22.6,39.3,"N",0.6,0.6,"N",434.7,442,7.3,"N","N"
"SUBJ-0069","Placebo",0,6.5,6.9,"N",18.7,24.3,"N",0.22,0.39,"N",392.8,412.9,20.1,"N","N"
"SUBJ-0070","Placebo",0,20.4,41.3,"N",22.8,25.7,"N",0.55,0.83,"N",380,393.9,13.9,"N","N"
"SUBJ-0071","Placebo",0,33.9,50.8,"N",5,6.5,"N",0.76,0.79,"N",418,418,0,"N","N"
"SUBJ-0072","Placebo",0,5.2,29.1,"N",14.9,14.9,"N",0.76,0.76,"N",457.2,457.2,0,"N","N"
"SUBJ-0073","Placebo",0,19.9,31.3,"N",23.3,50.6,"N",0.69,0.69,"N",427.6,432,4.4,"N","N"
"SUBJ-0074","Placebo",0,24.7,31.3,"N",30.7,30.9,"N",0.88,1.09,"N",382.2,420.1,37.9,"N","N"
"SUBJ-0075","Placebo",0,20.2,25.2,"N",25.7,29.1,"N",0.24,0.24,"N",401.8,418.2,16.4,"N","N"
"SUBJ-0076","Placebo",0,14.5,14.5,"N",29.1,38.1,"N",0.38,0.72,"N",400,412.9,12.9,"N","N"
"SUBJ-0077","Placebo",0,21,32.1,"N",15.7,15.9,"N",0.6,0.74,"N",392.1,406.7,14.6,"N","N"
"SUBJ-0078","Placebo",0,32.7,36.7,"N",35.9,35.9,"N",0.63,0.87,"N",435.6,459.9,24.3,"N","N"
"SUBJ-0079","Placebo",0,11.2,14.6,"N",33.5,46.9,"N",0.49,0.49,"N",464.6,494.9,30.3,"Y","N"
"SUBJ-0080","Placebo",0,33.3,53.9,"N",28.9,43.2,"N",0.84,0.84,"N",385.9,405.4,19.5,"N","N"
"SUBJ-0081","Placebo",0,29.3,51.8,"N",22.6,27.6,"N",0.2,0.37,"N",431.4,455.8,24.4,"N","N"
"SUBJ-0082","Placebo",0,12.1,49.5,"N",30.9,32.4,"N",0.4,0.47,"N",393.7,414.2,20.5,"N","N"
"SUBJ-0083","Placebo",0,10,23.6,"N",19,19,"N",0.92,1.11,"N",436.9,463,26.1,"N","N"
"SUBJ-0084","Placebo",0,22.3,29.2,"N",17,48.5,"N",0.78,0.85,"N",419.4,441.8,22.4,"N","N"
"SUBJ-0085","Placebo",0,24.3,24.3,"N",6.2,10.6,"N",0.3,0.37,"N",409.3,409.3,0,"N","N"
"SUBJ-0086","Placebo",0,31.5,39.1,"N",25.5,33.1,"N",0.76,1.12,"N",429.2,429.2,0,"N","N"
"SUBJ-0087","Placebo",0,21.7,50.3,"N",5.5,14.8,"N",0.67,0.84,"N",459.2,460.6,1.4,"N","N"
"SUBJ-0088","Placebo",0,25.4,30.6,"N",23.8,29,"N",0.33,0.33,"N",443.2,447.9,4.7,"N","N"
"SUBJ-0089","Placebo",0,32.3,60.8,"N",27.5,64.2,"N",0.67,0.88,"N",411.1,445.6,34.5,"N","N"
"SUBJ-0090","Placebo",0,31.4,36.7,"N",30.3,38.2,"N",0.78,0.78,"N",430.1,440.9,10.8,"N","N"
"SUBJ-0091","Placebo",0,28.6,39.1,"N",32.2,32.2,"N",0.4,0.51,"N",393.1,414.1,21,"N","N"
"SUBJ-0092","Placebo",0,24.6,62.4,"N",28.9,40.7,"N",0.7,1,"N",423.6,424.5,0.9,"N","N"
"SUBJ-0093","Placebo",0,25,33.3,"N",17.1,38.2,"N",0.35,0.7,"N",434.2,442,7.8,"N","N"
"SUBJ-0094","Placebo",0,31.6,31.6,"N",31.1,31.1,"N",0.71,0.71,"N",424.2,426.5,2.3,"N","N"
"SUBJ-0095","Placebo",0,30.8,30.8,"N",24.5,52.6,"N",0.4,0.4,"N",403.1,405.8,2.7,"N","N"
"SUBJ-0096","Placebo",0,21.5,21.5,"N",9.1,20.4,"N",0.52,0.69,"N",414.1,445.9,31.8,"N","N"
"SUBJ-0097","Placebo",0,24.9,34,"N",23.1,28.9,"N",0.39,0.39,"N",403.4,413,9.6,"N","N"
"SUBJ-0098","Placebo",0,35.5,36.6,"N",9.7,28.1,"N",0.74,0.77,"N",423.9,434.4,10.5,"N","N"
"SUBJ-0099","Placebo",0,33.8,46.3,"N",15.6,15.6,"N",0.57,0.85,"N",408.8,413.2,4.4,"N","N"
"SUBJ-0100","Placebo",0,14.2,41.7,"N",19,44.8,"N",0.7,0.73,"N",410.5,410.5,0,"N","N"
"SUBJ-0101","Placebo",0,33.6,33.6,"N",19.3,20.2,"N",0.72,0.72,"N",402.3,404.3,2,"N","N"
"SUBJ-0102","Placebo",0,21.3,21.3,"N",31.4,31.4,"N",0.6,0.65,"N",436.3,436.3,0,"N","N"
"SUBJ-0103","Placebo",0,9.4,14.3,"N",23.5,25.2,"N",0.58,0.8,"N",421.7,426.4,4.7,"N","N"
"SUBJ-0104","Placebo",0,32.3,50.9,"N",16.5,24.9,"N",0.68,0.82,"N",395.9,395.9,0,"N","N"
"SUBJ-0105","Placebo",0,22.7,35.2,"N",18.9,18.9,"N",0.72,0.93,"N",420,442.8,22.8,"N","N"
"SUBJ-0106","Placebo",0,29.7,39,"N",19.4,19.4,"N",0.6,0.6,"N",404,431.7,27.7,"N","N"
"SUBJ-0107","Placebo",0,37.5,64.4,"N",25.5,35.2,"N",0.68,0.8,"N",417.1,417.1,0,"N","N"
"SUBJ-0108","Placebo",0,30.6,35.4,"N",28.3,46.6,"N",0.76,0.96,"N",452.3,452.3,0,"N","N"
"SUBJ-0109","Placebo",0,19.2,49.4,"N",20.6,26.1,"N",0.74,1.05,"N",394.2,394.2,0,"N","N"
"SUBJ-0110","Placebo",0,20.9,20.9,"N",21.3,34.1,"N",0.86,0.86,"N",419.4,423.5,4.1,"N","N"
"SUBJ-0111","Placebo",0,14.1,25.5,"N",28.1,45.2,"N",0.22,0.22,"N",386.5,393.4,6.9,"N","N"
"SUBJ-0112","Placebo",0,15.4,34.3,"N",17,17,"N",0.67,0.89,"N",427.3,444.3,17,"N","N"
"SUBJ-0113","Placebo",0,25.9,47.6,"N",22.7,51.2,"N",0.63,0.81,"N",386.2,386.2,0,"N","N"
"SUBJ-0114","Placebo",0,19.6,19.6,"N",22.9,22.9,"N",0.45,0.6,"N",381,389.7,8.7,"N","N"
"SUBJ-0115","Placebo",0,27.3,27.8,"N",17.9,26.5,"N",0.45,0.45,"N",426.1,426.1,0,"N","N"
"SUBJ-0116","Placebo",0,28.7,28.7,"N",18.7,48.5,"N",0.7,0.75,"N",400,400,0,"N","N"
"SUBJ-0117","Placebo",0,24.9,30,"N",21.5,32.3,"N",0.53,0.53,"N",380,393.2,13.2,"N","N"
"SUBJ-0118","Placebo",0,18.8,20.8,"N",16.9,24.6,"N",0.55,0.65,"N",388.5,395.4,6.9,"N","N"
"SUBJ-0119","Placebo",0,10,29.8,"N",23.2,23.2,"N",0.7,0.7,"N",436.5,452.1,15.6,"N","N"
"SUBJ-0120","Placebo",0,22.9,35.9,"N",13.8,13.8,"N",0.83,0.83,"N",418.5,418.5,0,"N","N"
"SUBJ-0121","Placebo",0,13.7,18.1,"N",27,28.4,"N",1.01,1.14,"N",419.2,425.5,6.3,"N","N"
"SUBJ-0122","Placebo",0,27.2,51.5,"N",20.2,23,"N",0.75,1.12,"N",432.9,435.2,2.3,"N","N"
"SUBJ-0123","Placebo",0,28.2,34.5,"N",30.4,58.3,"N",1,1,"N",419,439.4,20.4,"N","N"
"SUBJ-0124","Placebo",0,24.5,48.3,"N",27.4,28.6,"N",0.85,0.85,"N",380,384.6,4.6,"N","N"
"SUBJ-0125","Placebo",0,13.7,29.7,"N",19.9,19.9,"N",0.67,0.74,"N",415.4,415.4,0,"N","N"
"SUBJ-0126","Placebo",0,16,31.9,"N",21.2,37.7,"N",0.65,0.65,"N",387.1,402.9,15.8,"N","N"
"SUBJ-0127","Placebo",0,18.1,37,"N",28.9,38.8,"N",0.99,0.99,"N",396.3,409.2,12.9,"N","N"
"SUBJ-0128","Placebo",0,23.2,23.8,"N",29.9,39.3,"N",0.4,0.59,"N",382.4,399.6,17.2,"N","N"
"SUBJ-0129","Placebo",0,40.9,40.9,"N",27.8,53.7,"N",0.61,0.61,"N",422.4,430,7.6,"N","N"
"SUBJ-0130","Placebo",0,14.6,32.3,"N",26.6,46.9,"N",0.64,0.72,"N",460.7,460.7,0,"N","N"
"SUBJ-0131","Placebo",0,5,5,"N",9.7,31.8,"N",0.2,0.45,"N",424.7,424.7,0,"N","N"
"SUBJ-0132","Placebo",0,21,21,"N",25,30.1,"N",0.53,0.68,"N",453.6,475.1,21.5,"N","N"
"SUBJ-0133","Placebo",0,15.3,20.7,"N",12.7,18.7,"N",0.67,0.67,"N",410.4,429.4,19,"N","N"
"SUBJ-0134","Placebo",0,5,19.8,"N",24.6,31.6,"N",0.2,0.5,"N",404.3,409.9,5.6,"N","N"
"SUBJ-0135","Placebo",0,15,30.3,"N",18.7,18.7,"N",0.67,0.85,"N",430.7,430.7,0,"N","N"
"SUBJ-0136","Placebo",0,19,19,"N",23.2,23.2,"N",0.54,0.67,"N",390,393.6,3.6,"N","N"
"SUBJ-0137","Placebo",0,13.2,24.1,"N",14.6,27.3,"N",0.69,0.77,"N",388.5,405.8,17.3,"N","N"
"SUBJ-0138","Placebo",0,27.7,27.7,"N",22.7,28.5,"N",0.74,0.74,"N",380,380,0,"N","N"
"SUBJ-0139","Placebo",0,29.3,64.3,"N",36.2,44.2,"N",0.88,0.88,"N",380,389.7,9.7,"N","N"
"SUBJ-0140","Placebo",0,19.4,19.4,"N",38.6,60.8,"N",0.26,0.26,"N",406.2,406.2,0,"N","N"
"SUBJ-0141","Placebo",0,10.1,38.3,"N",5,5,"N",0.61,0.61,"N",417.5,430.2,12.7,"N","N"
"SUBJ-0142","Placebo",0,26.8,30.7,"N",10.8,42.4,"N",0.47,0.65,"N",408,408,0,"N","N"
"SUBJ-0143","Placebo",0,15.2,30.6,"N",12.6,15.3,"N",0.61,0.61,"N",380,380,0,"N","N"
"SUBJ-0144","Placebo",0,15.4,15.4,"N",13.8,31.2,"N",0.57,0.73,"N",391.9,415.4,23.5,"N","N"
"SUBJ-0145","Placebo",0,23.2,32.6,"N",40.6,40.6,"N",0.36,0.36,"N",399.2,400.9,1.7,"N","N"
"SUBJ-0146","Placebo",0,14.2,29.5,"N",32.1,43.4,"N",0.24,0.47,"N",433,459.3,26.3,"N","N"
"SUBJ-0147","Placebo",0,19.6,45.9,"N",23.1,23.1,"N",1.02,1.28,"N",421.3,431.8,10.5,"N","N"
"SUBJ-0148","Placebo",0,15.8,16.3,"N",31.9,31.9,"N",0.34,0.44,"N",398.5,422,23.5,"N","N"
"SUBJ-0149","Placebo",0,25.1,25.1,"N",42.1,42.1,"N",0.66,0.82,"N",382.7,386.7,4,"N","N"
"SUBJ-0150","Placebo",0,15.2,15.2,"N",29.1,36.9,"N",0.38,0.52,"N",411.7,426.9,15.2,"N","N"
"SUBJ-0151","Placebo",0,15.2,24.7,"N",38.2,55.3,"N",0.9,0.9,"N",380,393,13,"N","N"
"SUBJ-0152","Placebo",0,14.3,25.4,"N",14.8,20.7,"N",0.25,0.47,"N",401.7,401.7,0,"N","N"
"SUBJ-0153","Placebo",0,22.1,26.8,"N",15.4,20.2,"N",0.42,0.64,"N",408.8,437.7,28.9,"N","N"
"SUBJ-0154","Placebo",0,31.7,40.3,"N",32.5,35.4,"N",0.36,0.36,"N",439.5,457.9,18.4,"N","N"
"SUBJ-0155","Placebo",0,14.9,19.2,"N",31.1,47.4,"N",0.61,0.61,"N",432.9,432.9,0,"N","N"
"SUBJ-0156","Placebo",0,23.7,26.6,"N",31,51.6,"N",0.5,0.65,"N",419.1,441.9,22.8,"N","N"
"SUBJ-0157","Placebo",0,16.8,51.8,"N",27.9,27.9,"N",1.08,1.08,"N",410.7,410.7,0,"N","N"
"SUBJ-0158","Placebo",0,13.3,22.3,"N",20.2,22.2,"N",0.6,0.73,"N",405.2,405.2,0,"N","N"
"SUBJ-0159","Placebo",0,30.7,53.4,"N",31.6,50.2,"N",0.87,1.07,"N",427,428.7,1.7,"N","N"
"SUBJ-0160","Placebo",0,17.4,56.8,"N",38.8,65.4,"N",0.76,0.82,"N",387.1,387.1,0,"N","N"
"SUBJ-0161","Placebo",0,35,35,"N",33.9,48.8,"N",0.74,0.82,"N",407.9,407.9,0,"N","N"
"SUBJ-0162","Placebo",0,16.5,22.8,"N",13,19.4,"N",0.7,0.7,"N",439.6,439.6,0,"N","N"
"SUBJ-0163","Placebo",0,27.3,35.3,"N",27.8,43.1,"N",0.65,0.7,"N",398.7,398.7,0,"N","N"
"SUBJ-0164","Placebo",0,30.9,53.4,"N",24.1,34.7,"N",0.46,0.47,"N",384.5,384.5,0,"N","N"
"SUBJ-0165","Placebo",0,39.1,43.2,"N",24.7,39,"N",0.53,1.01,"N",415,434.4,19.4,"N","N"
"SUBJ-0166","Placebo",0,15.4,27.2,"N",22.5,36,"N",0.69,0.88,"N",420.9,420.9,0,"N","N"
"SUBJ-0167","Placebo",0,22.6,32.8,"N",13.9,39.9,"N",0.2,0.47,"N",449.1,475.9,26.8,"N","N"
"SUBJ-0168","Placebo",0,29.5,42,"N",26.7,38.9,"N",0.23,0.26,"N",396.9,424.8,27.9,"N","N"
"SUBJ-0169","Placebo",0,18,18.3,"N",34.8,38,"N",0.52,0.59,"N",404.5,404.5,0,"N","N"
"SUBJ-0170","Placebo",0,26.8,65.7,"N",37.1,57.4,"N",0.23,0.74,"N",439.8,479.2,39.4,"N","N"
"SUBJ-0171","Placebo",0,18.6,18.6,"N",27.8,27.8,"N",0.62,0.62,"N",409.6,409.6,0,"N","N"
"SUBJ-0172","Placebo",0,12.9,17.2,"N",18.1,22.5,"N",0.69,0.69,"N",421.1,428.3,7.2,"N","N"
"SUBJ-0173","Placebo",0,5,18,"N",19.3,19.3,"N",0.78,0.86,"N",424.4,424.4,0,"N","N"
"SUBJ-0174","Placebo",0,26.1,39.3,"N",19.1,29.4,"N",0.82,1.09,"N",440.7,464.6,23.9,"N","N"
"SUBJ-0175","Placebo",0,19.3,19.3,"N",28.8,44.4,"N",0.71,0.71,"N",433.3,433.3,0,"N","N"
"SUBJ-0176","Placebo",0,35.7,41.9,"N",22.1,22.1,"N",0.71,1.12,"N",414.2,414.2,0,"N","N"
"SUBJ-0177","Placebo",0,13.1,13.1,"N",47.2,85.7,"N",0.65,0.65,"N",389.2,389.2,0,"N","N"
"SUBJ-0178","Placebo",0,18.1,37.1,"N",21.9,21.9,"N",0.61,0.61,"N",413.4,431,17.6,"N","N"
"SUBJ-0179","Placebo",0,28.5,28.5,"N",25.2,25.2,"N",0.44,0.49,"N",429.8,443.4,13.6,"N","N"
"SUBJ-0180","Placebo",0,19.9,19.9,"N",22.3,26.4,"N",1.05,1.25,"N",440.5,443.6,3.1,"N","N"
"SUBJ-0181","Placebo",0,25.9,33.8,"N",18.9,30.5,"N",0.44,0.44,"N",428.3,428.3,0,"N","N"
"SUBJ-0182","Placebo",0,32.8,32.8,"N",30.8,33.5,"N",0.94,0.94,"N",384.5,384.5,0,"N","N"
"SUBJ-0183","Placebo",0,39.4,50,"N",19.8,33.8,"N",0.79,0.82,"N",417.5,423.9,6.4,"N","N"
"SUBJ-0184","Placebo",0,22.4,23.7,"N",24,24,"N",1.01,1.16,"N",392.4,392.4,0,"N","N"
"SUBJ-0185","Placebo",0,15.3,15.8,"N",21.7,38.5,"N",0.75,0.98,"N",405.5,441.4,35.9,"N","N"
"SUBJ-0186","Placebo",0,13.3,13.3,"N",5,14.5,"N",0.52,0.79,"N",393,393,0,"N","N"
"SUBJ-0187","Placebo",0,17.6,17.6,"N",29.2,59.9,"N",0.54,0.57,"N",449.1,453,3.9,"N","N"
"SUBJ-0188","Placebo",0,18.6,39.9,"N",25.3,37.9,"N",0.33,0.65,"N",411.3,411.3,0,"N","N"
"SUBJ-0189","Placebo",0,12.3,41.4,"N",17.2,24.7,"N",0.81,1.09,"N",452.2,453.3,1.1,"N","N"
"SUBJ-0190","Placebo",0,26.8,49.9,"N",34.9,44.5,"N",0.61,0.64,"N",380.2,384,3.8,"N","N"
"SUBJ-0191","Placebo",0,33.4,40.4,"N",13.9,28.5,"N",0.59,0.83,"N",399.3,412.4,13.1,"N","N"
"SUBJ-0192","Placebo",0,18.5,28.3,"N",9.8,9.8,"N",0.62,0.88,"N",430.9,430.9,0,"N","N"
"SUBJ-0193","Placebo",0,13.7,26,"N",18.5,18.5,"N",0.47,0.47,"N",404.4,404.4,0,"N","N"
"SUBJ-0194","Placebo",0,11.8,15.8,"N",14.5,32.8,"N",0.52,0.85,"N",454.7,471.5,16.8,"N","N"
"SUBJ-0195","Placebo",0,28.2,42.1,"N",30.3,39.3,"N",0.76,0.85,"N",402,437.2,35.2,"N","N"
"SUBJ-0196","Placebo",0,22.3,40.3,"N",24.7,24.7,"N",0.86,1.04,"N",380,395.8,15.8,"N","N"
"SUBJ-0197","Placebo",0,6.8,26.2,"N",21,21,"N",0.61,0.7,"N",413.2,424.9,11.7,"N","N"
"SUBJ-0198","Placebo",0,21,43,"N",24.1,33.3,"N",0.65,0.65,"N",407.1,414.9,7.8,"N","N"
"SUBJ-0199","Placebo",0,22,24.9,"N",16.4,38.5,"N",0.65,0.98,"N",412.2,418.4,6.2,"N","N"
"SUBJ-0200","Placebo",0,15.2,27.2,"N",25.5,35.8,"N",0.64,0.94,"N",398.5,398.5,0,"N","N"
"SUBJ-0201","Active",1,12.2,265.8,"Y",25.5,250.8,"Y",0.55,4.42,"Y",401.3,414.9,13.6,"N","Y"
"SUBJ-0202","Active",1,18.4,266,"Y",23.4,241.7,"Y",0.71,4.09,"Y",399.1,399.1,0,"N","Y"
"SUBJ-0203","Active",1,16.4,252.4,"Y",24,207.7,"Y",0.74,4.38,"Y",406.9,416.4,9.5,"N","Y"
"SUBJ-0204","Active",1,16.6,140.7,"Y",15.1,149.4,"Y",0.64,3.69,"Y",392,419.5,27.5,"N","Y"
"SUBJ-0205","Active",1,5,145.2,"Y",31.5,142.5,"Y",0.71,4.77,"Y",437.3,440.2,2.9,"N","Y"
"SUBJ-0206","Active",1,20.8,181.7,"Y",12.1,163.8,"Y",0.49,4.17,"Y",397.4,411.1,13.7,"N","Y"
"SUBJ-0207","Active",1,29.6,273.5,"Y",41.8,133.2,"Y",0.64,2.75,"Y",440.6,440.6,0,"N","Y"
"SUBJ-0208","Active",1,31.3,184.5,"Y",37,185.8,"Y",0.72,3,"Y",385.9,412,26.1,"N","Y"
"SUBJ-0209","Active",1,38.6,202.7,"Y",28.2,142,"Y",0.58,3.86,"Y",431.8,458.2,26.4,"N","Y"
"SUBJ-0210","Active",1,24.1,182,"Y",13.2,150.4,"Y",0.58,4.59,"Y",402.9,419.5,16.6,"N","Y"
"SUBJ-0211","Active",1,13.6,145.7,"Y",27.4,45,"N",0.51,0.64,"N",417.6,434.6,17,"N","N"
"SUBJ-0212","Active",1,26,135.4,"Y",10.7,18.2,"N",0.71,0.71,"N",430.3,439.7,9.4,"N","N"
"SUBJ-0213","Active",1,30.8,148.4,"Y",21.8,21.8,"N",0.65,0.83,"N",396.7,407.4,10.7,"N","N"
"SUBJ-0214","Active",1,37.1,170.8,"Y",30.3,45.2,"N",1.13,1.39,"N",419.7,432.2,12.5,"N","N"
"SUBJ-0215","Active",1,28.5,199.5,"Y",30.7,40.3,"N",0.57,0.59,"N",414.1,416.5,2.4,"N","N"
"SUBJ-0216","Active",1,33.3,164.1,"Y",24.3,24.3,"N",0.62,0.86,"N",392.6,392.6,0,"N","N"
"SUBJ-0217","Active",1,25.5,142.8,"Y",22.1,42.1,"N",0.4,0.65,"N",426.5,426.9,0.4,"N","N"
"SUBJ-0218","Active",1,11.8,171.3,"Y",26.1,44.6,"N",0.78,0.88,"N",380,392.9,12.9,"N","N"
"SUBJ-0219","Active",1,15.1,34.9,"N",11.3,11.3,"N",0.54,0.59,"N",445.9,510.1,64.2,"Y","N"
"SUBJ-0220","Active",1,37.1,40.9,"N",21,61.2,"N",0.63,0.7,"N",438.9,501.6,62.7,"Y","N"
"SUBJ-0221","Active",1,27.6,41,"N",38.5,38.5,"N",0.79,0.79,"N",411,516.2,105.2,"Y","N"
"SUBJ-0222","Active",1,16.7,17.6,"N",10.1,25.9,"N",0.91,1.09,"N",406.4,508.6,102.2,"Y","N"
"SUBJ-0223","Active",1,16.4,16.4,"N",37,39.2,"N",0.55,0.7,"N",421.9,487.4,65.5,"Y","N"
"SUBJ-0224","Active",1,14.6,14.6,"N",28.2,38.5,"N",0.53,0.61,"N",405.3,503.3,98,"Y","N"
"SUBJ-0225","Active",1,23.2,23.2,"N",21.1,21.1,"N",0.64,0.64,"N",411.1,495.6,84.5,"Y","N"
"SUBJ-0226","Active",1,20,32.7,"N",41.9,46.9,"N",0.84,0.98,"N",419.6,511,91.4,"Y","N"
"SUBJ-0227","Active",1,14.5,23.4,"N",23.7,24.3,"N",0.62,0.8,"N",413.1,434.2,21.1,"N","N"
"SUBJ-0228","Active",1,31.7,31.7,"N",39.2,53.2,"N",0.64,0.64,"N",449.2,449.2,0,"N","N"
"SUBJ-0229","Active",1,22.1,29.2,"N",24.2,37.7,"N",0.76,1.01,"N",408.3,450.3,42,"N","N"
"SUBJ-0230","Active",1,28.1,28.1,"N",28.4,45.2,"N",0.75,0.94,"N",397.5,422,24.5,"N","N"
"SUBJ-0231","Active",1,19,36.7,"N",19.4,32.2,"N",0.82,0.82,"N",392.3,404.6,12.3,"N","N"
"SUBJ-0232","Active",1,23.4,23.4,"N",16.6,23.6,"N",0.21,0.21,"N",403.7,414.4,10.7,"N","N"
"SUBJ-0233","Active",1,30.3,36.8,"N",8,14.8,"N",0.36,0.43,"N",395.5,395.5,0,"N","N"
"SUBJ-0234","Active",1,27.4,40.3,"N",19,49.4,"N",0.36,0.36,"N",433.9,447,13.1,"N","N"
"SUBJ-0235","Active",1,29.5,29.5,"N",29.8,48,"N",0.68,0.68,"N",420,435,15,"N","N"
"SUBJ-0236","Active",1,7.4,33,"N",15.2,22.5,"N",0.33,0.63,"N",412.9,416.1,3.2,"N","N"
"SUBJ-0237","Active",1,23.4,35.1,"N",14.7,40.7,"N",0.55,0.55,"N",415.6,427.5,11.9,"N","N"
"SUBJ-0238","Active",1,20.5,33.7,"N",20.5,33.9,"N",0.68,0.82,"N",396.9,396.9,0,"N","N"
"SUBJ-0239","Active",1,16.8,34.5,"N",25.3,32.1,"N",0.99,0.99,"N",462,484.6,22.6,"Y","N"
"SUBJ-0240","Active",1,17.5,36.6,"N",20,20,"N",0.55,0.65,"N",431.2,434.9,3.7,"N","N"
"SUBJ-0241","Active",1,35.4,49.9,"N",33.7,45.9,"N",0.6,0.79,"N",430.7,430.7,0,"N","N"
"SUBJ-0242","Active",1,25.4,61.8,"N",26.3,40.5,"N",0.65,0.92,"N",418.4,418.4,0,"N","N"
"SUBJ-0243","Active",1,20.8,21.6,"N",23.7,24,"N",0.48,0.48,"N",418.2,427.3,9.1,"N","N"
"SUBJ-0244","Active",1,29.5,56.2,"N",15.2,15.2,"N",0.2,0.2,"N",428.6,442.7,14.1,"N","N"
"SUBJ-0245","Active",1,17.6,17.6,"N",16.5,16.5,"N",0.9,1.13,"N",423.7,423.7,0,"N","N"
"SUBJ-0246","Active",1,23.1,25,"N",27.7,27.7,"N",0.53,0.72,"N",430.6,436.5,5.9,"N","N"
"SUBJ-0247","Active",1,33.6,35.9,"N",21.3,42.2,"N",0.46,0.52,"N",406.1,409.6,3.5,"N","N"
"SUBJ-0248","Active",1,19.3,19.3,"N",32.8,46.4,"N",0.66,0.77,"N",440.4,440.4,0,"N","N"
"SUBJ-0249","Active",1,15.6,24.9,"N",10.9,10.9,"N",0.48,0.51,"N",385.5,385.5,0,"N","N"
"SUBJ-0250","Active",1,17.6,33.4,"N",26.7,26.7,"N",0.78,0.99,"N",451.5,451.5,0,"N","N"
"SUBJ-0251","Active",1,13.6,13.6,"N",19.8,19.8,"N",0.51,0.66,"N",413.4,421.8,8.4,"N","N"
"SUBJ-0252","Active",1,24,36.3,"N",35.7,35.7,"N",0.77,0.86,"N",419.1,419.1,0,"N","N"
"SUBJ-0253","Active",1,24.6,40.2,"N",27.4,41.1,"N",0.55,0.55,"N",413.8,413.8,0,"N","N"
"SUBJ-0254","Active",1,28.8,38,"N",15.8,15.8,"N",0.4,0.54,"N",398.1,414.7,16.6,"N","N"
"SUBJ-0255","Active",1,36.4,36.4,"N",13.5,25.2,"N",0.75,0.81,"N",405.7,405.7,0,"N","N"
"SUBJ-0256","Active",1,33.2,33.2,"N",25.8,54.6,"N",1.09,1.09,"N",445.3,455,9.7,"N","N"
"SUBJ-0257","Active",1,12,12,"N",21.5,21.5,"N",0.4,0.4,"N",456.5,476.9,20.4,"N","N"
"SUBJ-0258","Active",1,38,52.2,"N",23.3,29.9,"N",0.51,0.51,"N",393.9,402,8.1,"N","N"
"SUBJ-0259","Active",1,23.1,52.5,"N",22.7,22.7,"N",0.37,0.61,"N",422.1,428.3,6.2,"N","N"
"SUBJ-0260","Active",1,18.9,19.7,"N",29.2,48.7,"N",0.92,1.25,"N",404.2,404.2,0,"N","N"
"SUBJ-0261","Active",1,36.8,62.5,"N",15.4,23.5,"N",0.63,1.08,"N",416.8,416.8,0,"N","N"
"SUBJ-0262","Active",1,25.4,25.4,"N",51.8,64.1,"N",0.2,0.62,"N",422,422,0,"N","N"
"SUBJ-0263","Active",1,35.8,36.9,"N",26.4,36.5,"N",0.2,0.2,"N",404.6,414.9,10.3,"N","N"
"SUBJ-0264","Active",1,21.7,28.8,"N",19.7,30.5,"N",0.79,0.79,"N",420.7,420.7,0,"N","N"
"SUBJ-0265","Active",1,16.2,19,"N",22.8,34.8,"N",0.66,0.67,"N",448.4,459.7,11.3,"N","N"
"SUBJ-0266","Active",1,6.3,16.4,"N",28.3,28.3,"N",0.2,0.49,"N",393.4,393.4,0,"N","N"
"SUBJ-0267","Active",1,31,49,"N",29.1,52.5,"N",0.36,0.36,"N",407,414.6,7.6,"N","N"
"SUBJ-0268","Active",1,14.9,35.5,"N",9.8,36.1,"N",0.68,0.68,"N",420.9,444.9,24,"N","N"
"SUBJ-0269","Active",1,29,46.1,"N",7.5,13.7,"N",0.61,0.61,"N",422.5,435.2,12.7,"N","N"
"SUBJ-0270","Active",1,23,23,"N",23.3,29.1,"N",0.23,0.29,"N",416.4,417.3,0.9,"N","N"
"SUBJ-0271","Active",1,25.8,26.7,"N",30.7,30.7,"N",0.75,0.95,"N",421.9,431.6,9.7,"N","N"
"SUBJ-0272","Active",1,32.1,35.9,"N",25.3,35.3,"N",0.51,0.51,"N",411.7,411.7,0,"N","N"
"SUBJ-0273","Active",1,18.1,34.4,"N",32.2,32.2,"N",0.85,0.95,"N",418.8,418.8,0,"N","N"
"SUBJ-0274","Active",1,18.3,18.3,"N",27.2,32.8,"N",0.69,0.69,"N",413.6,414.6,1,"N","N"
"SUBJ-0275","Active",1,20.1,20.1,"N",27.3,27.3,"N",0.84,1.1,"N",433.3,433.3,0,"N","N"
"SUBJ-0276","Active",1,30.5,46.5,"N",37.4,37.4,"N",0.21,0.44,"N",429.2,460.7,31.5,"N","N"
"SUBJ-0277","Active",1,18.2,37.7,"N",15.5,21.5,"N",0.75,0.89,"N",414.6,424.5,9.9,"N","N"
"SUBJ-0278","Active",1,20.6,32.1,"N",17.7,32,"N",0.81,0.88,"N",441.3,462,20.7,"N","N"
"SUBJ-0279","Active",1,28.4,56.6,"N",27.1,51.9,"N",0.7,0.95,"N",418.4,423.1,4.7,"N","N"
"SUBJ-0280","Active",1,28.2,28.2,"N",26,28.9,"N",0.38,0.57,"N",426.6,438.9,12.3,"N","N"
"SUBJ-0281","Active",1,28.4,39.2,"N",6.5,11.9,"N",0.59,0.59,"N",419.6,453.2,33.6,"N","N"
"SUBJ-0282","Active",1,22.4,29.6,"N",28.3,33.5,"N",0.22,0.7,"N",402.8,408.2,5.4,"N","N"
"SUBJ-0283","Active",1,28.1,28.1,"N",13.7,15.8,"N",0.49,0.5,"N",429.7,439.4,9.7,"N","N"
"SUBJ-0284","Active",1,24.3,25.6,"N",14.2,18.5,"N",0.45,0.45,"N",380,393.2,13.2,"N","N"
"SUBJ-0285","Active",1,16.9,27.8,"N",37.8,54.4,"N",0.67,0.84,"N",395.6,406.3,10.7,"N","N"
"SUBJ-0286","Active",1,36.4,59,"N",33.3,62.4,"N",1.03,1.17,"N",427.6,442.2,14.6,"N","N"
"SUBJ-0287","Active",1,7.1,18.1,"N",18,44.8,"N",0.67,0.79,"N",439.8,441.3,1.5,"N","N"
"SUBJ-0288","Active",1,28.8,44.6,"N",37.3,43.9,"N",0.52,0.52,"N",384.9,385.2,0.3,"N","N"
"SUBJ-0289","Active",1,24.7,24.7,"N",19.8,34.8,"N",0.78,0.89,"N",438.7,438.7,0,"N","N"
"SUBJ-0290","Active",1,22.2,24.9,"N",32.2,33.2,"N",0.75,0.91,"N",388.3,388.3,0,"N","N"
"SUBJ-0291","Active",1,17.1,24.6,"N",35,35,"N",0.65,1.09,"N",403.1,403.1,0,"N","N"
"SUBJ-0292","Active",1,19.9,29.6,"N",34.6,48.8,"N",0.47,0.47,"N",388.4,388.4,0,"N","N"
"SUBJ-0293","Active",1,36.4,50.8,"N",34,46.4,"N",0.72,0.93,"N",411.4,424,12.6,"N","N"
"SUBJ-0294","Active",1,21.2,27,"N",21.7,48.9,"N",0.74,0.74,"N",416,425.4,9.4,"N","N"
"SUBJ-0295","Active",1,18.9,36.1,"N",19.6,25.5,"N",0.66,0.81,"N",423.2,423.2,0,"N","N"
"SUBJ-0296","Active",1,15,26.2,"N",34,34,"N",0.98,0.98,"N",406.6,406.6,0,"N","N"
"SUBJ-0297","Active",1,18,18,"N",23.4,34.8,"N",1.06,1.06,"N",414.6,423.4,8.8,"N","N"
"SUBJ-0298","Active",1,21.3,33.6,"N",18.5,18.5,"N",0.4,0.4,"N",421.1,431.3,10.2,"N","N"
"SUBJ-0299","Active",1,11.1,11.1,"N",15.8,15.8,"N",0.68,0.91,"N",395.6,402.3,6.7,"N","N"
"SUBJ-0300","Active",1,31.1,31.5,"N",34.4,36.9,"N",0.35,0.46,"N",401,401,0,"N","N"
"SUBJ-0301","Active",1,22.8,34.3,"N",30.1,32.7,"N",0.49,0.65,"N",442.6,472.7,30.1,"N","N"
"SUBJ-0302","Active",1,33.7,33.7,"N",35.8,35.8,"N",0.51,0.51,"N",380,391.9,11.9,"N","N"
"SUBJ-0303","Active",1,29.9,36.5,"N",19,39.6,"N",0.57,0.65,"N",434.1,434.1,0,"N","N"
"SUBJ-0304","Active",1,33.3,40.2,"N",26.1,37.8,"N",0.95,1.06,"N",436.2,459.9,23.7,"N","N"
"SUBJ-0305","Active",1,11.3,17.8,"N",15.3,15.3,"N",0.43,0.78,"N",442,442,0,"N","N"
"SUBJ-0306","Active",1,26.6,26.6,"N",24.7,24.7,"N",0.7,0.7,"N",407,437.3,30.3,"N","N"
"SUBJ-0307","Active",1,19.1,34.3,"N",17.2,17.2,"N",0.76,0.98,"N",431.8,437.3,5.5,"N","N"
"SUBJ-0308","Active",1,21.6,38.2,"N",27.1,39.3,"N",0.65,0.75,"N",419.3,419.3,0,"N","N"
"SUBJ-0309","Active",1,17.2,20.5,"N",23.7,42.3,"N",0.71,0.95,"N",402.2,413.8,11.6,"N","N"
"SUBJ-0310","Active",1,23.7,36.8,"N",35.6,38.2,"N",0.47,0.59,"N",426.1,449.6,23.5,"N","N"
"SUBJ-0311","Active",1,22.7,22.7,"N",26.5,46.7,"N",0.51,0.63,"N",422.4,422.4,0,"N","N"
"SUBJ-0312","Active",1,5,13.3,"N",20.8,25,"N",0.46,0.54,"N",407.2,407.2,0,"N","N"
"SUBJ-0313","Active",1,28.8,45.9,"N",10.1,21.2,"N",0.2,0.31,"N",405.8,415,9.2,"N","N"
"SUBJ-0314","Active",1,23.2,34.1,"N",20.4,41.8,"N",0.73,0.84,"N",409.7,409.7,0,"N","N"
"SUBJ-0315","Active",1,14.2,23.9,"N",19.3,19.3,"N",0.52,0.59,"N",425,425.1,0.1,"N","N"
"SUBJ-0316","Active",1,13.2,37.3,"N",33.2,42.6,"N",0.56,0.64,"N",414,414,0,"N","N"
"SUBJ-0317","Active",1,16.5,16.5,"N",27.7,42.1,"N",0.73,0.96,"N",388,402.9,14.9,"N","N"
"SUBJ-0318","Active",1,9.3,26.6,"N",19.3,22.2,"N",0.61,0.68,"N",421.2,421.2,0,"N","N"
"SUBJ-0319","Active",1,23.1,33.8,"N",25.8,35.6,"N",0.58,0.58,"N",407.7,407.7,0,"N","N"
"SUBJ-0320","Active",1,34,34,"N",25.1,37.9,"N",0.49,0.58,"N",430.2,431.2,1,"N","N"
"SUBJ-0321","Active",1,23.5,30.7,"N",26.6,48.8,"N",0.92,0.92,"N",390.8,390.8,0,"N","N"
"SUBJ-0322","Active",1,26.2,29.7,"N",21.6,40.6,"N",0.63,0.99,"N",380,390.6,10.6,"N","N"
"SUBJ-0323","Active",1,10.1,26.1,"N",33.5,36.8,"N",0.62,1.09,"N",405,405.9,0.9,"N","N"
"SUBJ-0324","Active",1,9.7,22.6,"N",34.5,49.8,"N",0.8,0.9,"N",402.3,402.3,0,"N","N"
"SUBJ-0325","Active",1,14.8,14.8,"N",14.6,41.2,"N",0.68,0.78,"N",428.5,455.3,26.8,"N","N"
"SUBJ-0326","Active",1,27.8,55.6,"N",32,32.5,"N",0.42,0.42,"N",380,380,0,"N","N"
"SUBJ-0327","Active",1,14.9,14.9,"N",18,43,"N",0.52,0.67,"N",393.6,434.5,40.9,"N","N"
"SUBJ-0328","Active",1,26.5,42.7,"N",25.8,25.8,"N",0.44,0.69,"N",412.5,421,8.5,"N","N"
"SUBJ-0329","Active",1,20.3,20.3,"N",32,32,"N",0.26,0.48,"N",400.3,400.3,0,"N","N"
"SUBJ-0330","Active",1,25.1,45.9,"N",28,37.6,"N",0.57,0.67,"N",411.2,411.2,0,"N","N"
"SUBJ-0331","Active",1,13.7,26.5,"N",23.9,23.9,"N",0.72,1.01,"N",391,391,0,"N","N"
"SUBJ-0332","Active",1,14.4,39,"N",24.8,36.6,"N",0.5,0.87,"N",398.5,414.2,15.7,"N","N"
"SUBJ-0333","Active",1,21.2,27.1,"N",42,42,"N",0.69,0.74,"N",396.6,416.8,20.2,"N","N"
"SUBJ-0334","Active",1,20.3,20.3,"N",35.5,35.5,"N",0.75,0.91,"N",380.1,380.1,0,"N","N"
"SUBJ-0335","Active",1,7.7,12.9,"N",24.1,24.1,"N",0.58,0.85,"N",422.7,444.5,21.8,"N","N"
"SUBJ-0336","Active",1,26.3,35.6,"N",21.4,40.6,"N",0.51,0.57,"N",404.2,412.6,8.4,"N","N"
"SUBJ-0337","Active",1,6.4,29,"N",38.7,38.7,"N",0.46,0.58,"N",403.9,403.9,0,"N","N"
"SUBJ-0338","Active",1,18.7,18.7,"N",24.7,48.3,"N",0.54,0.54,"N",437.2,462.2,25,"N","N"
"SUBJ-0339","Active",1,22.4,27.2,"N",27.2,27.2,"N",0.91,0.91,"N",428.4,444.7,16.3,"N","N"
"SUBJ-0340","Active",1,16.4,18.9,"N",34.5,38.4,"N",0.62,0.62,"N",401.1,401.1,0,"N","N"
"SUBJ-0341","Active",1,10.8,36.9,"N",19.1,19.1,"N",0.51,0.51,"N",432.6,450.2,17.6,"N","N"
"SUBJ-0342","Active",1,18.8,18.8,"N",20.5,41.4,"N",0.51,0.53,"N",407.4,432.5,25.1,"N","N"
"SUBJ-0343","Active",1,21.1,41.8,"N",20.9,20.9,"N",0.61,0.87,"N",406.4,408.2,1.8,"N","N"
"SUBJ-0344","Active",1,14.6,36.5,"N",25.4,42.3,"N",0.63,0.63,"N",418.3,418.3,0,"N","N"
"SUBJ-0345","Active",1,11.1,17.7,"N",5,24.7,"N",0.87,0.96,"N",417.8,434.8,17,"N","N"
"SUBJ-0346","Active",1,12.4,30.7,"N",20.7,24.2,"N",0.52,0.56,"N",412.8,441,28.2,"N","N"
"SUBJ-0347","Active",1,17.8,31.9,"N",29.7,29.7,"N",0.8,0.84,"N",410,410,0,"N","N"
"SUBJ-0348","Active",1,18.4,18.4,"N",26.5,43.2,"N",0.47,0.59,"N",423,434.6,11.6,"N","N"
"SUBJ-0349","Active",1,33.4,33.4,"N",26.8,26.8,"N",0.64,0.97,"N",434.9,467,32.1,"N","N"
"SUBJ-0350","Active",1,11.7,11.7,"N",11.3,11.3,"N",0.53,0.53,"N",407.1,408.5,1.4,"N","N"
"SUBJ-0351","Active",1,25,52,"N",25.7,25.7,"N",0.8,1,"N",444,444,0,"N","N"
"SUBJ-0352","Active",1,18.7,42.3,"N",23.1,23.1,"N",0.88,0.88,"N",398.3,398.3,0,"N","N"
"SUBJ-0353","Active",1,22.7,45.9,"N",24.2,52.1,"N",0.91,0.91,"N",455,455,0,"N","N"
"SUBJ-0354","Active",1,16.7,24.5,"N",31.1,46.5,"N",0.74,0.97,"N",431.4,431.4,0,"N","N"
"SUBJ-0355","Active",1,28.4,29.4,"N",35.6,47.7,"N",0.5,0.5,"N",407.8,421.7,13.9,"N","N"
"SUBJ-0356","Active",1,8.4,8.4,"N",22,23.1,"N",0.58,0.58,"N",380,380.6,0.6,"N","N"
"SUBJ-0357","Active",1,23.2,24.3,"N",19.2,39.8,"N",0.66,0.91,"N",407,407,0,"N","N"
"SUBJ-0358","Active",1,22.2,22.2,"N",22,22,"N",0.2,0.28,"N",408,420.7,12.7,"N","N"
"SUBJ-0359","Active",1,30.4,30.4,"N",30.2,35.7,"N",0.88,1.22,"N",443.9,443.9,0,"N","N"
"SUBJ-0360","Active",1,20.2,31.9,"N",23.1,44.3,"N",0.39,0.9,"N",422.5,422.5,0,"N","N"
"SUBJ-0361","Active",1,26,28.3,"N",20.7,20.7,"N",0.51,0.64,"N",380,380,0,"N","N"
"SUBJ-0362","Active",1,25.2,38.6,"N",23.6,32,"N",0.87,1.08,"N",420.5,420.5,0,"N","N"
"SUBJ-0363","Active",1,16.8,16.8,"N",34.8,34.8,"N",0.68,0.8,"N",396.1,399.9,3.8,"N","N"
"SUBJ-0364","Active",1,21.3,54,"N",16.6,19.9,"N",0.69,0.71,"N",381,397.2,16.2,"N","N"
"SUBJ-0365","Active",1,20.9,59.9,"N",21.5,28.9,"N",0.45,0.45,"N",433.4,453.3,19.9,"N","N"
"SUBJ-0366","Active",1,31,57,"N",15.6,21.3,"N",0.28,0.54,"N",427,439.3,12.3,"N","N"
"SUBJ-0367","Active",1,23.9,30.7,"N",41.9,61.5,"N",0.44,0.65,"N",407,407,0,"N","N"
"SUBJ-0368","Active",1,24.3,40.1,"N",20.2,35.7,"N",0.7,0.87,"N",443.7,456,12.3,"N","N"
"SUBJ-0369","Active",1,40.7,40.7,"N",31.2,49,"N",0.74,0.97,"N",408.8,408.8,0,"N","N"
"SUBJ-0370","Active",1,25.3,25.3,"N",24.3,42.5,"N",0.61,0.61,"N",381.3,396.9,15.6,"N","N"
"SUBJ-0371","Active",1,24.9,27.5,"N",22.6,46.6,"N",0.52,0.52,"N",433.2,435.7,2.5,"N","N"
"SUBJ-0372","Active",1,26.3,54.6,"N",21.1,31.8,"N",0.68,0.8,"N",401.5,401.5,0,"N","N"
"SUBJ-0373","Active",1,34.4,39.7,"N",17.6,33.4,"N",0.48,0.66,"N",417.7,431.9,14.2,"N","N"
"SUBJ-0374","Active",1,29.7,48.8,"N",34.7,38.6,"N",0.7,0.97,"N",396.5,406.8,10.3,"N","N"
"SUBJ-0375","Active",1,24.7,32.1,"N",29,35.6,"N",0.38,0.7,"N",388.9,388.9,0,"N","N"
"SUBJ-0376","Active",1,17.1,20.9,"N",24.2,38.6,"N",0.97,1.1,"N",423.8,423.8,0,"N","N"
"SUBJ-0377","Active",1,24.9,35.3,"N",15.2,19.1,"N",0.2,0.2,"N",397,433,36,"N","N"
"SUBJ-0378","Active",1,23.1,29.5,"N",20.1,23.6,"N",0.88,0.88,"N",404.2,412,7.8,"N","N"
"SUBJ-0379","Active",1,7.3,32.8,"N",31.6,42.9,"N",0.47,0.47,"N",429.5,454.8,25.3,"N","N"
"SUBJ-0380","Active",1,9.7,9.7,"N",16,42.4,"N",0.85,1.16,"N",380,406.4,26.4,"N","N"
"SUBJ-0381","Active",1,7.6,16.9,"N",19.4,19.4,"N",0.31,0.47,"N",396.3,400.3,4,"N","N"
"SUBJ-0382","Active",1,33.3,41,"N",30.3,32.6,"N",0.53,0.85,"N",445.6,445.6,0,"N","N"
"SUBJ-0383","Active",1,26.9,33.3,"N",27.1,39.7,"N",0.64,0.64,"N",414.9,414.9,0,"N","N"
"SUBJ-0384","Active",1,5,5.3,"N",19.2,31,"N",0.4,0.49,"N",381.3,381.3,0,"N","N"
"SUBJ-0385","Active",1,25.7,42.3,"N",37.2,37.2,"N",0.49,0.69,"N",414,442.6,28.6,"N","N"
"SUBJ-0386","Active",1,22.5,22.5,"N",14.5,14.5,"N",0.7,0.85,"N",415.9,419.8,3.9,"N","N"
"SUBJ-0387","Active",1,19.9,36.9,"N",35.3,35.3,"N",0.71,0.71,"N",399.5,417.6,18.1,"N","N"
"SUBJ-0388","Active",1,16,16,"N",30.5,38,"N",0.35,0.35,"N",401.3,403.2,1.9,"N","N"
"SUBJ-0389","Active",1,11.8,38.4,"N",7.2,31,"N",0.4,0.4,"N",414.2,438.1,23.9,"N","N"
"SUBJ-0390","Active",1,28.9,45.3,"N",26.6,34.6,"N",0.64,0.84,"N",431.8,441.3,9.5,"N","N"
"SUBJ-0391","Active",1,17.4,26,"N",30.4,35.9,"N",0.88,1.07,"N",398.2,407.8,9.6,"N","N"
"SUBJ-0392","Active",1,20.9,20.9,"N",17.7,52.7,"N",0.75,0.85,"N",429.3,430.2,0.9,"N","N"
"SUBJ-0393","Active",1,26.7,33.7,"N",23.9,24.6,"N",0.3,0.71,"N",380,383.7,3.7,"N","N"
"SUBJ-0394","Active",1,26.3,26.3,"N",11,20.4,"N",0.46,0.6,"N",454.8,473.7,18.9,"N","N"
"SUBJ-0395","Active",1,18.9,40.9,"N",16.7,20.7,"N",0.23,0.26,"N",430.4,430.4,0,"N","N"
"SUBJ-0396","Active",1,17.7,17.7,"N",25.1,25.1,"N",0.76,1.04,"N",402.5,402.5,0,"N","N"
"SUBJ-0397","Active",1,24.1,24.1,"N",26.2,41.5,"N",0.43,0.68,"N",412.9,412.9,0,"N","N"
"SUBJ-0398","Active",1,12.6,17.9,"N",23.4,25.1,"N",0.6,0.6,"N",390.3,390.3,0,"N","N"
"SUBJ-0399","Active",1,24.4,31.7,"N",17.8,36,"N",0.72,0.83,"N",396.3,396.3,0,"N","N"
"SUBJ-0400","Active",1,23.4,23.9,"N",28.8,31.9,"N",0.57,0.8,"N",421,436.2,15.2,"N","N"
